video,short-term_memorability,nb_short-term_annotations,long-term_memorability,nb_long-term_annotations
7494,0.857608,33,0.7912000000000003,12
7495,0.8422199999999995,34,0.7987600000000004,10
7496,0.86233,32,0.7732100000000002,13
7497,0.8933374999999998,33,0.80513,10
7498,0.8492899999999998,33,0.7341400000000001,10
7499,0.89094,33,0.82671,13
7500,0.8853300000000001,33,0.8129899999999998,10
7502,0.8793699999999999,43,0.8028600000000001,15
7503,0.8789199999999999,33,0.7967299999999997,11
7504,0.8859400000000001,33,0.78451,15
7505,0.8548900000000004,38,0.7829600000000003,10
7506,0.8489325000000004,34,0.76969,10
7507,0.86373,34,0.75806,12
7508,0.8794299999999996,33,0.81209,14
7510,0.8773399999999999,33,0.8050300000000002,11
7511,0.8840799999999998,34,0.8014599999999997,18
7513,0.8489775000000002,34,0.7042899999999999,19
7515,0.8591800000000002,33,0.7523399999999999,13
7516,0.8604400000000002,34,0.7441700000000001,11
7517,0.82182,33,0.7286300000000001,13
7518,0.8638199999999998,33,0.7839199999999998,10
7519,0.8789874999999998,32,0.7920999999999999,10
7520,0.8458900000000003,33,0.76173,14
7521,0.8931105000000003,34,0.7948099999999997,14
7522,0.8966640000000002,33,0.7896199999999999,16
7523,0.8831824999999999,34,0.80761,14
7524,0.8575999999999996,50,0.7754899999999995,22
7525,0.8861600000000003,42,0.8283600000000003,10
7526,0.8560200000000004,31,0.7647799999999999,20
7527,0.8679300000000002,33,0.7395700000000002,17
7528,0.8339005,32,0.7546899999999997,10
7530,0.8851799999999997,34,0.7824300000000001,11
7531,0.8985850000000002,33,0.81833,14
7532,0.8524200000000003,33,0.78783,14
7533,0.8568625,34,0.7794599999999996,9
7534,0.83492,34,0.7674799999999999,10
7535,0.8739600000000003,34,0.7897500000000005,10
7536,0.8495725000000002,46,0.7808999999999996,11
7538,0.8823400000000001,34,0.8237399999999999,10
7539,0.8823799999999999,32,0.8288900000000003,10
7540,0.8753669999999997,33,0.8365799999999999,10
7541,0.8740300000000002,35,0.77551,10
7542,0.8673925000000001,33,0.80611,12
7543,0.86212,33,0.7949,12
7544,0.8438900000000001,34,0.74009,11
7545,0.8846900000000001,33,0.7915699999999998,13
7546,0.8743799999999996,34,0.8125400000000004,14
7548,0.8838099999999999,38,0.7938300000000001,9
7549,0.8601575,34,0.7882199999999997,13
7550,0.8927024999999996,56,0.7960500000000001,21
7552,0.8384299999999999,32,0.7720200000000002,16
7554,0.8858100000000002,51,0.79529,24
7555,0.8305099999999999,55,0.7245000000000001,13
7556,0.8691300000000003,33,0.7917199999999996,19
7558,0.8556100000000003,33,0.7931999999999998,16
7560,0.8574600000000007,33,0.7969499999999996,12
7562,0.8638424999999996,33,0.7706700000000001,10
7563,0.8965720000000001,32,0.82749,16
7565,0.8917449999999998,34,0.8068400000000004,10
7566,0.8821700000000001,34,0.7790999999999998,13
7567,0.8474120000000004,32,0.7433199999999996,12
7568,0.8588710714285713,34,0.7854599999999998,13
7569,0.8799380000000001,43,0.80505,10
7571,0.8902224999999997,32,0.8250799999999997,11
7572,0.8957499999999999,34,0.77482,11
7573,0.8729599999999997,37,0.8136300000000004,11
7574,0.8444800000000002,36,0.7403999999999995,12
7575,0.85746,34,0.7989300000000003,14
7576,0.8866199999999995,33,0.8187000000000002,12
7578,0.8580925000000004,47,0.7718699999999998,11
7579,0.8685710714285715,33,0.7779200000000001,15
7580,0.8283399999999997,33,0.7828400000000002,17
7581,0.8750625000000004,33,0.79861,14
7582,0.8661600000000002,34,0.7878300000000001,10
7584,0.8747400000000001,34,0.78629,10
7585,0.86631,41,0.7955199999999998,16
7587,0.87343,33,0.7786900000000001,16
7588,0.8901422222222228,76,0.7987000000000002,16
7589,0.8461799999999999,35,0.8040000000000002,11
7590,0.8892600000000002,58,0.7981,13
7591,0.8796600000000003,34,0.81076,10
7592,0.81256,33,0.68751,11
7593,0.8441299999999999,33,0.7519400000000003,15
7596,0.8667324999999998,33,0.7662700000000003,12
7597,0.8851100000000004,33,0.79954,11
7598,0.8089899999999999,32,0.7404100000000001,11
7599,0.8682620000000003,32,0.7994400000000003,14
7600,0.8461720000000001,34,0.7509700000000002,9
7602,0.8805520000000001,33,0.8012999999999997,10
7603,0.8661620000000001,34,0.8215900000000002,24
7604,0.8767225000000002,42,0.7731499999999997,10
7605,0.89365,39,0.8232999999999998,11
7606,0.8797174999999997,34,0.7949799999999996,10
7607,0.8366199999999996,33,0.7690199999999997,12
7608,0.8863199999999999,36,0.8214899999999998,12
7609,0.8714900000000003,33,0.78417,16
7610,0.8723899999999999,66,0.7887899999999999,15
7611,0.8364300000000001,33,0.7659099999999996,20
7612,0.8761099999999999,35,0.7844100000000003,16
7613,0.8834000000000004,32,0.7804499999999996,10
7614,0.8868400000000003,32,0.7867799999999999,11
7615,0.87151,33,0.7698800000000002,12
7616,0.8233700000000002,33,0.71839,10
7617,0.8326600000000001,32,0.7490099999999998,18
7618,0.8243,34,0.7133200000000001,11
7619,0.8523225,34,0.7751899999999999,11
7621,0.8660225,33,0.7893099999999997,12
7624,0.8468675000000002,33,0.7309199999999998,20
7625,0.8125300000000002,34,0.74722,10
7626,0.8539000000000003,33,0.7847999999999997,12
7627,0.8965420000000002,35,0.8493900000000002,17
7628,0.8699325000000002,34,0.7973399999999998,12
7629,0.8321300000000005,70,0.7409199999999995,12
7631,0.8784299999999994,33,0.78023,10
7632,0.8726400000000001,33,0.7853499999999998,15
7633,0.8734600000000003,32,0.7896900000000003,16
7634,0.8337700000000003,44,0.7676099999999999,12
7635,0.88905,33,0.7632299999999997,12
7636,0.8484800000000002,32,0.7726899999999997,10
7637,0.8803300000000001,34,0.8079,15
7638,0.8485800000000003,34,0.7621700000000001,13
7640,0.85269,34,0.7929699999999997,13
7641,0.8327099999999998,34,0.7541600000000004,17
7642,0.8688900000000003,39,0.7514199999999995,10
7643,0.8550600000000003,34,0.7934699999999999,10
7644,0.8918524999999999,44,0.8246099999999998,9
7646,0.8686149999999997,43,0.8021299999999998,10
7647,0.8112074999999994,32,0.7987199999999995,13
7648,0.8488525000000002,44,0.7588600000000001,10
7649,0.8712900000000002,34,0.7582300000000001,11
7650,0.8676599999999999,31,0.7835900000000002,12
7651,0.8981699999999998,33,0.8460499999999996,10
7652,0.8412100000000001,33,0.7798999999999998,18
7654,0.8319925000000004,34,0.82987,9
7655,0.8743000000000002,33,0.7943199999999996,11
7656,0.8463200000000006,34,0.7591100000000002,13
7657,0.8937474999999995,46,0.8162299999999998,10
7659,0.8346800000000001,31,0.7451100000000003,11
7660,0.8801875,33,0.8054600000000002,12
7661,0.8376399999999999,35,0.7665000000000003,13
7662,0.8563525,34,0.8109400000000001,10
7664,0.8702099999999998,32,0.7827600000000001,10
7665,0.8681400000000002,33,0.8010600000000001,10
7667,0.8552320000000002,38,0.7730800000000001,12
7669,0.8678299999999998,33,0.8016600000000003,12
7670,0.8418520000000005,34,0.7780900000000002,10
7671,0.8521675000000002,33,0.7770799999999997,9
7672,0.8871100000000002,68,0.79613,15
7673,0.8782,35,0.7851300000000001,11
7674,0.8843400000000001,33,0.7932200000000001,10
7675,0.8678825000000002,38,0.7743300000000002,12
7676,0.841912,34,0.7708599999999999,17
7677,0.8427499999999998,33,0.7373599999999998,11
7678,0.883728,34,0.8060100000000001,10
7679,0.8387500000000003,33,0.75669,10
7680,0.8432599999999999,32,0.7412099999999998,13
7681,0.80605,34,0.72584,10
7682,0.8452325000000002,33,0.8170900000000002,12
7683,0.8728700000000004,36,0.7900500000000004,11
7686,0.8533799999999998,33,0.7552000000000001,11
7687,0.8522900000000001,36,0.7565100000000006,13
7688,0.8597400000000002,33,0.7798799999999999,12
7689,0.8506125000000001,33,0.72895,12
7690,0.8658174999999997,33,0.7623100000000003,19
7691,0.8694599999999998,32,0.8023,14
7692,0.8467199999999999,34,0.78694,11
7694,0.8425499999999998,34,0.7593200000000002,12
7696,0.8627350000000001,33,0.80817,14
7697,0.89908,34,0.8095599999999998,11
7698,0.8213700000000006,50,0.7594100000000004,15
7699,0.8825205000000002,34,0.81518,11
7701,0.8483799999999998,90,0.7389999999999999,10
7702,0.8798560000000002,33,0.7980800000000002,14
7703,0.84374,51,0.7420600000000002,12
7704,0.86783,33,0.7815300000000001,9
7705,0.8507500000000001,32,0.7945900000000001,17
7706,0.8375000000000002,33,0.7679000000000002,12
7707,0.83246,34,0.7424699999999999,11
7710,0.8651925000000001,31,0.7550999999999999,17
7711,0.8811216666666664,46,0.80741,14
7713,0.8660199999999993,33,0.82068,17
7714,0.8479291666666663,34,0.6926699999999998,12
7715,0.8385874999999996,33,0.7422399999999998,12
7716,0.8332799999999999,44,0.7706799999999998,10
7717,0.8959299999999999,32,0.8145499999999997,13
7718,0.8913000000000002,33,0.8021299999999999,10
7719,0.8925075,33,0.77842,11
7720,0.8530600000000002,33,0.7597899999999999,13
7721,0.8362820000000001,41,0.7691500000000002,17
7722,0.8552099999999999,34,0.7836900000000003,16
7723,0.86051,33,0.74445,17
7724,0.8725925000000002,33,0.7589400000000002,10
7725,0.8357975000000002,34,0.78079,12
7726,0.8327099999999997,43,0.7564800000000002,9
7728,0.87807,34,0.8176300000000002,14
7729,0.8007699999999996,48,0.6052099999999998,11
7731,0.8899849999999998,33,0.81298,11
7732,0.8283,33,0.7204999999999999,10
7736,0.8830725000000001,33,0.83356,12
7737,0.85347,33,0.7897600000000001,12
7738,0.82863,35,0.7739700000000004,9
7739,0.8229,34,0.7111900000000001,12
7740,0.8803300000000006,33,0.77916,11
7741,0.8515099999999998,31,0.7443899999999998,13
7742,0.8723694999999999,34,0.76432,9
7743,0.8676719999999999,34,0.7814999999999999,10
7745,0.8369400000000004,34,0.7285600000000001,12
7746,0.8512600000000002,33,0.78815,9
7748,0.8908999999999999,50,0.79211,15
7749,0.81746,34,0.6894400000000002,12
7751,0.8580000000000001,33,0.7832400000000002,15
7752,0.8219299999999996,33,0.7651899999999999,13
7753,0.8533000000000003,38,0.79238,10
7754,0.8618700000000001,33,0.76441,10
7756,0.8223000000000001,42,0.7717,11
7757,0.8942875000000002,34,0.8160400000000001,13
7758,0.8689500000000002,37,0.7799299999999998,14
7759,0.8309225000000003,33,0.7552100000000002,13
7760,0.8904975000000002,33,0.83083,11
7761,0.8762400000000001,33,0.7892000000000001,24
7762,0.8896479999999997,34,0.8143699999999999,15
7763,0.8596636666666667,33,0.7777899999999999,10
7769,0.8696100000000004,33,0.7543699999999999,10
7770,0.8747000000000001,38,0.8108199999999998,9
7771,0.8642275000000004,30,0.7411800000000003,10
7772,0.8874600000000004,34,0.8051699999999999,15
7773,0.8751599999999996,34,0.81655,11
7774,0.8515799999999998,34,0.7979900000000001,10
7775,0.8520575000000001,38,0.7899499999999999,11
7777,0.8673999999999996,32,0.79495,11
7780,0.87638,41,0.8109299999999999,12
7782,0.8772099999999999,34,0.7659200000000002,19
7783,0.8676175000000004,44,0.7676299999999999,11
7784,0.8151399999999994,34,0.7173500000000003,12
7785,0.8597225000000001,33,0.7672800000000004,10
7786,0.8940899999999998,32,0.81896,9
7787,0.8261075000000001,33,0.7594299999999999,15
7788,0.8544225000000003,31,0.8001299999999999,10
7789,0.8852199999999999,34,0.836,10
7792,0.8485000000000007,34,0.7633299999999997,10
7793,0.8444899999999999,51,0.7713899999999999,13
7795,0.8209399999999999,33,0.7121700000000001,12
7799,0.8517500000000002,33,0.7600799999999999,10
7800,0.8376399999999995,33,0.7503900000000001,16
7801,0.8744275,40,0.7989200000000001,12
7802,0.8587300000000002,33,0.76988,10
7803,0.86214,34,0.7757200000000001,10
7804,0.8596625,34,0.7383900000000004,11
7805,0.8587010714285717,32,0.7785500000000002,10
7806,0.8382425000000002,32,0.7494,11
7807,0.8729399999999998,33,0.7475999999999998,11
7808,0.8905099999999997,34,0.8540800000000002,15
7809,0.8281124999999997,32,0.7240800000000001,17
7811,0.8689199999999999,35,0.8151299999999998,10
7812,0.83295,52,0.7533699999999997,11
7813,0.8683300000000002,33,0.81401,14
7815,0.8785799999999999,32,0.7493299999999999,14
7816,0.8698979999999996,54,0.7897799999999999,12
7817,0.8355200000000003,33,0.7421600000000003,15
7818,0.8632899999999998,40,0.77208,12
7819,0.8178800000000002,32,0.72297,16
7820,0.8539100000000001,44,0.759,15
7821,0.8247300000000003,30,0.7506600000000002,13
7822,0.8809675,33,0.7692500000000002,10
7823,0.8580900000000001,33,0.79542,14
7824,0.8448399999999997,32,0.7511099999999999,9
7825,0.8972700000000002,34,0.8203400000000001,14
7826,0.8795985714285716,33,0.80338,10
7828,0.8923075000000001,32,0.80742,13
7830,0.8732024999999998,33,0.7786600000000002,13
7831,0.8697500000000002,32,0.8018000000000004,10
7832,0.8337525000000006,34,0.7535199999999999,13
7833,0.8864074999999996,31,0.7845599999999997,14
7834,0.84406,34,0.7748700000000003,11
7835,0.8214500000000001,34,0.7073600000000003,9
7837,0.8404199999999998,33,0.7219899999999998,12
7838,0.8002999999999999,34,0.7228800000000003,10
7839,0.87225,33,0.7743199999999998,10
7840,0.8634699999999998,35,0.7845599999999997,10
7841,0.8320799999999994,49,0.7142800000000002,14
7842,0.8447499999999999,34,0.7506099999999998,12
7844,0.8158600000000003,30,0.7129200000000001,14
7846,0.87348,34,0.82446,9
7848,0.8134299999999999,33,0.7170899999999999,10
7849,0.8511499999999996,33,0.7844600000000003,10
7851,0.8825799999999997,32,0.80559,10
7852,0.8517399999999998,31,0.7548599999999999,10
7853,0.8882283333333336,40,0.8380000000000003,10
7854,0.8443875,32,0.7602400000000002,12
7856,0.8780600000000003,33,0.7768599999999998,11
7858,0.8903200000000001,55,0.8068,10
7861,0.8879575000000003,33,0.78497,16
7862,0.8522299999999998,38,0.7808800000000002,9
7863,0.8705874999999997,50,0.7690799999999998,12
7865,0.8791499999999999,32,0.80361,10
7867,0.8881599999999997,33,0.7993199999999999,13
7868,0.8761875,33,0.7884699999999996,13
7869,0.8917075000000004,33,0.8318099999999998,12
7872,0.8290599999999999,37,0.7339700000000003,10
7873,0.8769241666666668,47,0.7887800000000001,12
7874,0.8362025000000002,32,0.7797000000000004,12
7875,0.8819680000000002,33,0.8133099999999999,10
7878,0.8486124999999997,34,0.7708499999999999,10
7879,0.8747800000000003,33,0.81426,9
7880,0.860058,48,0.7253699999999997,19
7883,0.8677499999999999,34,0.7874500000000001,12
7884,0.8596000000000005,34,0.7768599999999999,11
7885,0.8999000000000004,41,0.8451800000000003,10
7886,0.8828200000000002,34,0.8035399999999997,11
7887,0.8949799999999999,34,0.8025700000000002,9
7888,0.8923700000000002,33,0.8329500000000002,10
7889,0.8842049999999999,34,0.7736299999999998,15
7890,0.8648324999999996,34,0.81875,14
7891,0.85682,34,0.78569,10
7892,0.8511175000000003,39,0.7626099999999998,12
7893,0.8949400000000003,32,0.77996,12
7894,0.8917,33,0.7798699999999998,15
7895,0.8796599999999998,32,0.7594699999999998,10
7896,0.8881320000000003,71,0.8192600000000003,33
7897,0.8652999999999996,33,0.7917999999999998,10
7898,0.8860485714285717,35,0.8230299999999999,10
7899,0.8768800000000004,33,0.8212399999999996,11
7901,0.88029,31,0.7984300000000001,28
7902,0.8378800000000003,33,0.7577099999999999,11
7903,0.8362674999999996,34,0.7588499999999999,11
7904,0.8749924999999998,33,0.8043700000000006,10
7906,0.8524700000000006,33,0.7559999999999998,11
7907,0.8552474999999998,34,0.7865499999999997,15
7908,0.8869680000000004,51,0.8133400000000002,12
7909,0.8475199999999999,32,0.7995699999999999,11
7910,0.8565199999999997,34,0.7502099999999997,17
7912,0.8411699999999999,31,0.75807,11
7913,0.8885799999999999,32,0.8086699999999999,11
7915,0.85591,34,0.7584999999999998,13
7916,0.8910919999999998,33,0.8341099999999999,13
7917,0.8642400000000001,33,0.7917800000000003,11
7918,0.8454600000000001,34,0.7604,10
7919,0.8206000000000002,32,0.7319200000000001,11
7920,0.8809699999999997,33,0.7985400000000002,19
7921,0.8771900000000004,34,0.8186900000000001,12
7923,0.8242899999999999,33,0.6794899999999997,9
7925,0.8768599999999993,32,0.7821300000000001,14
7926,0.8943675000000003,31,0.8322600000000001,12
7927,0.8811500000000001,33,0.77768,13
7928,0.83398,33,0.7976899999999998,10
7929,0.8721999999999999,51,0.7998500000000002,10
7930,0.8703100000000003,33,0.7656300000000003,10
7931,0.8195399999999999,33,0.7472099999999999,12
7933,0.8619999999999999,33,0.7841299999999998,11
7935,0.8708800000000002,34,0.80215,9
7936,0.82423,32,0.72233,13
7939,0.8938325,33,0.81162,13
7940,0.8787899999999996,33,0.7968399999999995,15
7941,0.8505299999999997,45,0.7304799999999999,12
7942,0.8528200000000002,38,0.7417000000000001,10
7944,0.8361700000000001,34,0.7636100000000002,12
7945,0.8831499999999995,46,0.8073100000000002,13
7946,0.8732000000000002,33,0.78313,15
7947,0.8392999999999998,34,0.7874300000000004,11
7948,0.8628599999999996,32,0.7804200000000001,10
7951,0.8761137500000001,32,0.7964,12
7952,0.8851399999999999,33,0.8153099999999999,11
7953,0.8480374999999997,34,0.7688799999999998,25
7954,0.8629999999999999,34,0.7746200000000001,10
7955,0.8347,33,0.7524000000000001,10
7956,0.85221,34,0.7664899999999997,13
7957,0.84665,34,0.7752799999999997,13
7958,0.8862019999999997,33,0.8345999999999999,16
7959,0.8940499999999996,34,0.83317,10
7961,0.8565919999999997,34,0.7816100000000002,11
7962,0.8373399999999996,33,0.76331,19
7963,0.87186,34,0.7621100000000002,12
7964,0.8291700000000003,33,0.7319799999999997,11
7967,0.8734774999999998,33,0.7943600000000004,16
7969,0.81512,33,0.74658,12
7970,0.8416199999999996,82,0.7513900000000002,24
7972,0.8703199999999999,33,0.7664099999999996,10
7973,0.8874999999999998,33,0.7990399999999999,11
7975,0.8969175000000003,43,0.8186299999999999,11
7976,0.8249924999999999,32,0.7404000000000001,9
7977,0.8680419999999996,51,0.76184,32
7980,0.8704,47,0.7831599999999997,10
7981,0.84108,59,0.7725200000000001,12
7983,0.8924099999999997,32,0.8093,16
7984,0.8795700000000002,35,0.8031600000000003,12
7985,0.8897200000000001,34,0.82011,12
7986,0.8686000000000003,33,0.8315100000000004,15
7987,0.8411150000000002,32,0.7585500000000001,18
7988,0.8490699999999998,41,0.7711599999999998,14
7990,0.8916724999999999,33,0.8000800000000001,11
7991,0.83259,33,0.7542899999999999,10
7992,0.8369825000000003,32,0.7390900000000004,10
7993,0.8450499999999996,33,0.7849299999999998,10
7994,0.8905299999999998,32,0.8312500000000002,18
7995,0.8762699999999997,30,0.8122299999999999,22
7996,0.8682500000000003,34,0.76799,12
7997,0.83505,50,0.7875900000000001,12
7998,0.8321200000000002,48,0.75393,10
7999,0.8289800000000003,34,0.7366199999999999,17
8000,0.8166700000000001,34,0.76941,10
8001,0.8189425,54,0.7857800000000004,15
8002,0.8382124999999999,33,0.7658,12
8004,0.8744199999999998,34,0.7786799999999998,12
8008,0.8802500000000003,33,0.82164,16
8009,0.8432699999999995,33,0.7803199999999998,11
8010,0.8473274999999998,33,0.7508900000000002,15
8012,0.8659899999999997,39,0.7912799999999999,10
8013,0.8433700000000001,33,0.7606100000000001,16
8014,0.8715925,33,0.7984100000000001,10
8015,0.8335999999999999,33,0.7809400000000001,18
8016,0.88751,34,0.8135100000000002,12
8018,0.8769699999999999,33,0.7942800000000001,12
8019,0.8462900000000001,34,0.71894,14
8021,0.8533100000000001,35,0.81572,11
8022,0.8035200000000005,34,0.7554500000000003,9
8023,0.8595,33,0.75166,15
8024,0.8465500000000005,55,0.7651900000000004,16
8026,0.8829400000000004,33,0.8244000000000002,15
8027,0.8655300000000004,42,0.78089,9
8028,0.8386500000000001,33,0.7795099999999997,11
8029,0.8891400000000002,32,0.8455599999999999,16
8030,0.8538800000000002,33,0.7624100000000001,11
8032,0.8510600000000003,32,0.76862,10
8033,0.8234799999999997,59,0.78282,10
8035,0.87674,34,0.7851300000000004,18
8036,0.8665399999999999,32,0.7859500000000001,11
8037,0.8746200000000002,59,0.8094800000000001,16
8038,0.8218900000000003,33,0.72268,15
8040,0.8754116666666661,33,0.7651399999999997,18
8041,0.8439799999999998,32,0.7704700000000001,18
8042,0.8947095000000002,32,0.8309199999999999,12
8043,0.878620000000001,34,0.8233099999999999,11
8044,0.8901799999999997,33,0.8026999999999996,13
8045,0.8870999999999997,32,0.8288999999999999,17
8047,0.8753325000000005,32,0.8170099999999999,11
8048,0.8865275000000001,33,0.8077399999999999,18
8049,0.84095,33,0.7879999999999998,13
8050,0.8741599999999999,32,0.7740600000000002,10
8051,0.8980800000000001,33,0.8314400000000003,13
8052,0.83293,33,0.74452,11
8054,0.8368399999999994,32,0.6914400000000006,10
8056,0.8707900000000005,37,0.8018200000000003,13
8057,0.8917300000000004,34,0.8276700000000001,15
8058,0.87405,62,0.7690299999999994,24
8059,0.8429599999999999,33,0.7278300000000002,12
8060,0.8721474999999996,57,0.7760900000000001,17
8061,0.8540300000000002,38,0.7739799999999997,11
8062,0.80841,33,0.70404,13
8063,0.82615,79,0.7178299999999999,19
8064,0.85024,33,0.7362199999999998,10
8065,0.8264899999999997,33,0.7681399999999996,11
8066,0.8595,41,0.7367499999999997,12
8067,0.8356,32,0.76241,11
8068,0.8828150000000005,33,0.8240000000000003,10
8069,0.8273700000000003,34,0.7172899999999999,11
8071,0.8760900000000003,33,0.7951799999999998,10
8072,0.8678949999999999,55,0.8042200000000002,35
8073,0.85084,32,0.7611699999999998,13
8074,0.8674900000000001,32,0.77543,17
8075,0.8624800000000001,33,0.7659699999999999,13
8076,0.8283200000000005,52,0.72675,12
8077,0.8746345,33,0.7767499999999999,10
8078,0.9094700000000002,33,0.8136800000000001,17
8079,0.8141100000000003,35,0.6949000000000001,10
8080,0.8724725000000001,34,0.7866900000000001,10
8081,0.8773200000000001,32,0.8141799999999999,11
8082,0.8675600000000001,34,0.7852800000000003,16
8084,0.8806025,34,0.7769400000000002,14
8085,0.8253200000000003,33,0.7303000000000002,10
8086,0.8481100000000004,50,0.7454699999999999,15
8087,0.8328299999999996,33,0.7709699999999997,11
8088,0.8400799999999995,33,0.7464699999999997,11
8089,0.8625575000000002,33,0.7538199999999997,10
8090,0.8161300000000002,32,0.7182100000000002,12
8091,0.8735920000000001,34,0.7706399999999999,12
8092,0.8688900000000003,33,0.8025200000000001,14
8095,0.8463200000000001,34,0.7843300000000001,10
8096,0.8408599999999998,32,0.73595,14
8097,0.86036,42,0.7720699999999999,13
8098,0.8502899999999997,34,0.7659,11
8100,0.8543100000000001,33,0.7368899999999999,10
8101,0.8058899999999997,97,0.7468899999999999,34
8102,0.8776599999999998,32,0.7948099999999999,10
8103,0.8824800000000002,33,0.81034,10
8104,0.8445700000000004,33,0.7653699999999999,11
8105,0.8441200000000001,34,0.76262,16
8108,0.8991499999999997,32,0.81052,10
8109,0.89047,86,0.8021399999999997,22
8110,0.81066,33,0.7539199999999999,13
8111,0.8669800000000005,34,0.7735599999999999,13
8112,0.8698899999999999,33,0.7991200000000005,10
8113,0.8616299999999998,35,0.8050199999999996,10
8114,0.82235,32,0.7721899999999995,16
8115,0.8353300000000001,33,0.7209899999999996,11
8118,0.8192880000000002,34,0.7315900000000005,13
8120,0.8867900000000004,33,0.8019100000000001,11
8121,0.8623799999999998,32,0.7494399999999999,16
8122,0.8626775000000001,34,0.78455,12
8123,0.8385600000000002,30,0.7466900000000001,9
8124,0.8944424999999998,32,0.8239000000000005,10
8126,0.8731399999999998,33,0.7602600000000002,12
8127,0.8493600000000001,33,0.7443599999999998,13
8128,0.8491,33,0.7641200000000002,15
8131,0.8339075,34,0.7639299999999999,11
8132,0.8716399999999996,51,0.8033500000000002,13
8134,0.8733399999999996,33,0.7711899999999998,13
8136,0.8540875000000002,35,0.7453899999999996,10
8137,0.8123699999999999,33,0.7433400000000003,15
8138,0.8732300000000004,33,0.7953100000000002,13
8140,0.8741924999999998,33,0.80139,11
8142,0.8739100000000001,33,0.7732700000000001,9
8145,0.8370199999999997,33,0.7470899999999997,16
8146,0.8730299999999999,45,0.8092899999999997,17
8147,0.8551900000000002,34,0.7827799999999998,13
8149,0.8580599999999998,34,0.76435,10
8150,0.8304200000000002,34,0.78023,17
8151,0.8666200000000001,33,0.7571700000000001,11
8152,0.8697599999999999,45,0.7999799999999999,22
8153,0.8818320000000002,33,0.8295499999999997,10
8155,0.8390899999999999,65,0.7667100000000002,10
8156,0.8659599999999998,34,0.7781500000000002,11
8157,0.8716925000000003,31,0.8189399999999999,13
8158,0.8636800000000001,33,0.7784999999999996,10
8159,0.8763925000000001,34,0.7807699999999999,11
8161,0.8601900000000003,35,0.8112699999999999,12
8162,0.8795999999999999,33,0.78807,10
8163,0.8594000000000002,32,0.7832800000000003,22
8165,0.8825099999999999,36,0.8073499999999999,10
8166,0.8633275000000004,33,0.78081,11
8167,0.8275649999999999,34,0.7371799999999997,10
8168,0.8711700000000007,54,0.8102900000000001,16
8169,0.8468599999999998,33,0.7456999999999997,12
8170,0.8410895,33,0.7646200000000001,9
8171,0.8807680000000001,33,0.8207600000000004,9
8172,0.8736920000000002,34,0.8102099999999999,16
8174,0.8658100000000002,33,0.78712,13
8175,0.86171,50,0.7546700000000002,29
8178,0.8221800000000001,33,0.7465399999999999,28
8179,0.8639699999999999,38,0.8020099999999999,14
8180,0.8806100000000001,33,0.7927000000000001,14
8181,0.8588199999999998,33,0.76294,10
8182,0.8461999999999996,33,0.7651300000000003,11
8184,0.8670399999999998,34,0.78645,9
8185,0.9030350000000001,34,0.8146099999999998,10
8186,0.8612325000000002,34,0.7981800000000001,10
8187,0.8297855000000003,52,0.7563900000000001,10
8188,0.8522700000000001,34,0.7597800000000001,13
8189,0.8669245,33,0.7810600000000004,9
8190,0.8735600000000002,33,0.8269900000000001,12
8191,0.77746,45,0.6498699999999998,20
8192,0.8835125,32,0.8139799999999999,10
8193,0.8342600000000003,53,0.7939200000000001,10
8194,0.8681649999999996,33,0.8091799999999997,16
8195,0.8743249999999996,33,0.78764,24
8196,0.8734999999999999,55,0.81611,16
8197,0.8260900000000002,43,0.7567600000000002,11
8198,0.867518,33,0.81128,9
8199,0.8605099999999999,33,0.7421000000000001,11
8200,0.8506400000000004,77,0.7397500000000001,18
8201,0.8549475,55,0.7568399999999998,13
8202,0.84956,34,0.76192,14
8205,0.8531299999999995,33,0.78519,11
8206,0.8704397222222228,32,0.7989999999999999,11
8207,0.8656999999999998,32,0.7882399999999999,12
8208,0.8364099999999998,37,0.7769899999999995,11
8209,0.8924,34,0.8327900000000001,16
8210,0.8886475000000003,34,0.80698,11
8211,0.8528800000000001,34,0.7407300000000002,12
8214,0.8944745000000001,32,0.8212700000000001,14
8215,0.8370674999999995,33,0.7683599999999997,13
8216,0.8258699999999997,34,0.7905299999999998,11
8217,0.8278699999999999,33,0.7320199999999997,11
8218,0.8166700000000001,33,0.7256299999999994,10
8219,0.8811199999999997,43,0.8017399999999999,10
8220,0.876611666666667,33,0.8170999999999996,14
8221,0.8409899999999999,52,0.73944,11
8222,0.87535,34,0.8017000000000003,12
8224,0.8399199999999998,34,0.7889200000000001,11
8225,0.8678399999999997,33,0.7986200000000001,13
8226,0.8758477777777778,32,0.7837199999999998,13
8227,0.84886,33,0.7743300000000002,10
8228,0.85642,35,0.75712,14
8229,0.8831299999999999,34,0.78729,14
8230,0.8517800000000001,33,0.7725299999999996,14
8231,0.8498299999999999,34,0.7816899999999997,11
8233,0.8797799999999997,34,0.82588,11
8234,0.8277199999999998,31,0.7701600000000001,10
8235,0.8609300000000002,32,0.7791200000000003,11
8236,0.8681299999999998,35,0.78691,15
8238,0.8633400000000003,33,0.7764200000000002,12
8239,0.8953924999999998,32,0.8275399999999997,13
8240,0.8630224999999997,43,0.7826900000000001,11
8241,0.8597880000000001,50,0.8014300000000002,19
8243,0.8818599999999998,34,0.79203,13
8245,0.8258600000000006,34,0.7133500000000003,11
8246,0.83836,34,0.7165800000000004,9
8247,0.8828655000000002,31,0.8059299999999999,10
8249,0.8226504999999997,33,0.6999600000000002,11
8251,0.8937099999999998,34,0.78279,9
8252,0.86468,35,0.7475299999999998,11
8253,0.8628199999999999,45,0.7756500000000002,12
8254,0.8585399999999995,33,0.7623800000000002,9
8256,0.81856,33,0.7473299999999999,13
8259,0.8594799999999998,34,0.7338600000000001,9
8260,0.8153399999999996,33,0.69499,9
8261,0.8792699999999998,33,0.7878499999999999,12
8263,0.8511899999999999,33,0.7615100000000001,14
8265,0.8652500000000001,33,0.7811999999999999,11
8266,0.8956624999999997,31,0.8154799999999999,13
8267,0.8823475000000002,34,0.8011499999999998,14
8268,0.8896700000000002,34,0.8204,9
8269,0.8565974999999999,42,0.7802600000000003,13
8271,0.8726705,34,0.8050800000000001,10
8272,0.8705780000000002,37,0.7650899999999998,13
8274,0.8554999999999999,34,0.7996499999999999,13
8275,0.85182,30,0.7620300000000002,12
8276,0.8404700000000003,33,0.7573899999999998,17
8277,0.8584200000000002,33,0.7999200000000001,15
8279,0.8196299999999996,33,0.7139800000000001,13
8280,0.8597099999999996,33,0.73409,11
8282,0.8994600000000001,48,0.8034300000000001,16
8283,0.8387300000000001,33,0.7435699999999998,10
8284,0.8672579999999996,34,0.7859300000000001,12
8286,0.8635899999999999,33,0.77964,10
8287,0.8352999999999997,42,0.7699600000000004,10
8288,0.8789005000000002,32,0.8176299999999999,18
8289,0.898557272727273,33,0.8299699999999999,13
8290,0.8425800000000003,49,0.78672,12
8291,0.8783700000000002,34,0.7802899999999998,11
8292,0.8552200000000001,34,0.7615899999999998,10
8293,0.86899,33,0.7802699999999997,13
8294,0.8765100000000001,34,0.80301,18
8295,0.8461099999999998,31,0.7566299999999999,17
8296,0.8859275000000001,34,0.8143400000000003,12
8297,0.8803099999999998,32,0.7746799999999997,13
8299,0.83945,33,0.7313500000000002,14
8300,0.8595099999999996,33,0.7665900000000002,13
8301,0.8153400000000001,39,0.7152400000000003,10
8303,0.8991283333333336,33,0.8389500000000001,12
8304,0.889518,33,0.8180900000000004,13
8305,0.8839399999999996,32,0.7888,14
8306,0.8802,35,0.8024600000000001,10
8308,0.8862272222222224,33,0.79903,16
8309,0.8743900000000002,33,0.78952,10
8310,0.8992099999999997,33,0.81513,12
8311,0.8083800000000001,32,0.7319599999999997,10
8313,0.89202,33,0.8174499999999999,10
8314,0.8476825000000003,33,0.7964599999999998,21
8316,0.8318800000000001,42,0.72608,11
8317,0.8807999999999997,40,0.7993500000000003,13
8318,0.8119274999999996,32,0.6989999999999997,17
8319,0.8481379999999994,33,0.7636799999999999,10
8322,0.837658,38,0.7615,14
8323,0.8701199999999999,60,0.8199399999999999,25
8324,0.8773958333333333,32,0.8271099999999998,19
8325,0.8933899999999995,33,0.8272400000000001,9
8326,0.8604925,34,0.7706600000000001,9
8327,0.8342599999999999,33,0.7697799999999997,11
8328,0.8713599999999999,34,0.7934199999999998,11
8329,0.8486824999999998,34,0.76165,23
8330,0.8468500000000003,32,0.7457699999999999,12
8331,0.86516,34,0.8041800000000003,16
8333,0.8919,34,0.8188200000000001,10
8334,0.8860874999999999,33,0.8181599999999999,12
8335,0.86021,33,0.7611800000000001,11
8336,0.82439,33,0.7625200000000001,10
8337,0.8797999999999999,34,0.8104200000000001,10
8338,0.88799,33,0.8116400000000001,10
8339,0.8535725000000001,34,0.7743600000000004,11
8341,0.8652199999999998,33,0.7769499999999998,11
8344,0.89742,31,0.8337400000000003,12
8345,0.8457825000000001,33,0.7654299999999998,11
8346,0.8027999999999998,34,0.6382099999999995,12
8347,0.8938900000000001,34,0.8043900000000004,9
8348,0.8484225000000002,37,0.7400099999999997,14
8349,0.9010616666666666,33,0.8080300000000001,10
8350,0.8852499999999996,41,0.79645,14
8351,0.86489,33,0.79539,13
8352,0.87834,33,0.8046700000000001,13
8353,0.8725799999999999,46,0.7881699999999996,12
8354,0.8703399999999997,34,0.7805500000000002,10
8355,0.8908483333333337,34,0.8142499999999997,11
8356,0.8068200000000002,31,0.7128599999999997,10
8357,0.8889999999999999,33,0.8037999999999996,12
8358,0.8824000000000001,31,0.81482,11
8359,0.8726725000000005,33,0.7628299999999999,11
8360,0.8228100000000002,34,0.7387699999999994,12
8361,0.8451400000000001,32,0.7622100000000002,16
8363,0.8868175,33,0.8168900000000003,11
8364,0.9004799999999996,35,0.82262,16
8365,0.8346425000000001,34,0.7896599999999995,14
8366,0.8386399999999997,34,0.71816,12
8367,0.8881999999999998,33,0.8178400000000002,11
8368,0.8244883333333343,51,0.8530900000000003,13
8369,0.8556900000000003,32,0.7483700000000002,11
8371,0.8824,33,0.7877199999999998,15
8374,0.8525499999999999,34,0.7607000000000003,16
8375,0.8444200000000005,43,0.75593,10
8377,0.8800900000000001,33,0.8107800000000003,14
8378,0.8539599999999998,33,0.7856299999999998,16
8379,0.83894,39,0.75926,11
8380,0.8523,33,0.7789800000000002,11
8381,0.8608499999999999,33,0.7806400000000002,9
8382,0.8592700000000002,33,0.7629600000000001,12
8383,0.8166999999999999,33,0.7770699999999998,10
8384,0.8883400000000005,32,0.8210000000000004,10
8385,0.8059199999999997,33,0.7279000000000001,10
8386,0.831782,36,0.7511199999999998,10
8387,0.9037600000000006,34,0.8135699999999999,12
8389,0.8512983333333329,31,0.7819600000000001,11
8390,0.8867689285714287,33,0.8216600000000003,28
8394,0.88008,34,0.7867200000000001,19
8395,0.8669300000000001,45,0.7823399999999998,22
8396,0.8565199999999996,31,0.78573,9
8397,0.8653999999999997,45,0.7507799999999999,10
8398,0.8308499999999998,52,0.7337799999999998,10
8399,0.8499324999999999,37,0.75019,11
8400,0.8394399999999999,34,0.7628599999999999,10
8401,0.8723799999999996,33,0.7995199999999996,11
8402,0.8264024999999998,33,0.7404600000000002,15
8403,0.8475300000000003,33,0.7624900000000001,13
8405,0.8127600000000004,34,0.7521599999999999,11
8406,0.8262699999999995,46,0.7653799999999997,10
8407,0.8951905000000003,33,0.8381799999999999,10
8409,0.8421600000000002,49,0.7570700000000001,13
8410,0.81703,43,0.76287,11
8414,0.88477,33,0.8067700000000001,13
8415,0.8345899999999999,31,0.8108300000000002,9
8420,0.8144600000000001,32,0.74127,10
8421,0.8762675000000002,33,0.79217,12
8422,0.85804,39,0.7732899999999998,11
8423,0.8018300000000003,34,0.66009,12
8425,0.8795000000000001,34,0.75489,10
8426,0.8291000000000004,32,0.74555,11
8427,0.8458900000000003,33,0.7224900000000001,19
8428,0.82423,34,0.7297599999999999,17
8429,0.8403000000000003,33,0.7542500000000001,14
8430,0.8856900000000002,32,0.7853,13
8433,0.84648,33,0.7446600000000002,11
8434,0.8390399999999998,33,0.7771100000000001,9
8435,0.8701699999999997,33,0.80931,12
8436,0.8956200000000003,91,0.8161,21
8437,0.837365,47,0.7447199999999999,20
8438,0.8380699999999999,32,0.7779199999999998,11
8439,0.8264600000000004,34,0.7003599999999999,10
8441,0.8747224999999998,34,0.7828599999999998,13
8442,0.8124200000000005,35,0.77527,18
8443,0.8454699999999999,34,0.7732400000000001,12
8444,0.8713999999999998,34,0.7812399999999997,10
8446,0.8619000000000002,36,0.7971100000000004,11
8447,0.8325680000000001,33,0.7374699999999997,11
8448,0.8554900000000003,34,0.7769499999999998,14
8449,0.8848099999999997,33,0.8125099999999997,10
8451,0.8859095000000002,51,0.80607,11
8452,0.8534199999999994,32,0.7587900000000001,10
8453,0.8874599999999999,34,0.7983400000000005,11
8454,0.8929299999999999,33,0.8283600000000003,13
8455,0.8715300000000005,32,0.8106799999999997,11
8456,0.8266099999999998,32,0.7298799999999999,14
8458,0.83878,33,0.7243900000000003,9
8459,0.8742399999999997,34,0.8000500000000003,9
8461,0.85284,32,0.7794799999999996,11
8464,0.89424,34,0.8215,10
8465,0.8603399999999998,33,0.7854599999999999,11
8466,0.8757799999999999,34,0.8071600000000002,10
8468,0.8598599999999997,34,0.7643299999999996,11
8470,0.8573100000000001,34,0.7482500000000001,16
8471,0.8811425000000003,33,0.8222800000000001,12
8472,0.8525199999999998,33,0.73706,10
8473,0.8313999999999999,33,0.7327699999999999,13
8474,0.8812825,33,0.78589,14
8475,0.8868000000000003,34,0.7615899999999999,10
8476,0.8429299999999997,33,0.7486099999999999,10
8477,0.8857500000000005,34,0.8052200000000002,11
8478,0.8666225000000004,71,0.7905999999999999,22
8479,0.8868299999999998,35,0.8236400000000001,12
8480,0.8379700000000004,40,0.7324499999999997,10
8481,0.8620500000000001,34,0.7905600000000002,20
8482,0.8677399999999998,33,0.7708199999999998,27
8485,0.8383600000000004,51,0.7442699999999998,11
8487,0.85816,83,0.76074,22
8488,0.8720920000000001,47,0.7708399999999999,18
8489,0.86503,34,0.7595599999999999,12
8491,0.7663099999999994,34,0.6202399999999999,11
8492,0.8921724999999998,33,0.8284600000000001,11
8493,0.86332,33,0.7994600000000002,15
8494,0.8940200000000003,33,0.7983399999999999,12
8495,0.8923200000000001,34,0.7793699999999997,14
8496,0.8091200000000005,33,0.7419199999999999,9
8497,0.8421000000000005,34,0.74519,23
8498,0.8780974999999998,32,0.8186399999999999,15
8499,0.84925,32,0.76863,12
8500,0.8464399999999999,34,0.7935200000000002,11
8503,0.8680999999999998,49,0.7778199999999998,18
8504,0.8698600000000002,32,0.7720200000000004,14
8505,0.8736200000000001,34,0.7837400000000002,12
8506,0.8856799999999997,35,0.8161999999999999,12
8507,0.8872599999999998,34,0.7790600000000001,10
8508,0.8792375000000002,34,0.8008699999999999,14
8509,0.8278275000000006,31,0.7678300000000003,15
8510,0.8598000000000002,33,0.7858899999999998,14
8512,0.8523099999999996,34,0.7766799999999998,13
8513,0.8291999999999998,33,0.7282799999999997,13
8514,0.8561899999999997,32,0.6993000000000003,10
8515,0.8343299999999998,33,0.7597499999999999,13
8516,0.85702,32,0.7768800000000001,13
8517,0.8836783333333332,50,0.8270199999999999,10
8518,0.8167724999999999,32,0.6940100000000001,10
8520,0.8904500000000002,33,0.7940200000000002,14
8521,0.86461,33,0.7806400000000002,17
8522,0.8645224999999997,33,0.77775,11
8525,0.8633799999999998,33,0.8030399999999999,15
8526,0.8546674999999999,32,0.7627700000000001,11
8529,0.8490399999999996,37,0.7784000000000002,9
8530,0.8809399999999996,33,0.8019599999999997,20
8531,0.8633499999999995,32,0.7959999999999999,19
8532,0.8496825,32,0.7627000000000002,11
8535,0.8735200000000001,36,0.7888300000000001,12
8538,0.8380500000000002,33,0.8138400000000001,14
8542,0.8753000000000007,55,0.7524799999999998,12
8543,0.8922380000000004,32,0.7892199999999999,20
8544,0.8473699999999996,34,0.7685000000000002,10
8545,0.877508333333333,33,0.7654799999999998,10
8546,0.8471625000000002,34,0.7715600000000002,9
8547,0.8254275,33,0.7464399999999998,10
8549,0.8749099999999995,33,0.7528599999999998,11
8550,0.8494100000000004,32,0.7749099999999998,12
8551,0.8392200000000004,34,0.7528600000000003,13
8552,0.8303900000000002,33,0.7120099999999998,11
8553,0.8923580000000004,34,0.8065499999999998,10
8554,0.8373200000000002,34,0.7762699999999999,11
8556,0.8920200000000004,35,0.8216800000000001,10
8557,0.86397,34,0.7945800000000002,13
8558,0.8664800000000004,33,0.7918,10
8560,0.8881499999999999,32,0.80901,11
8561,0.89179,55,0.8297600000000004,14
8562,0.8735474999999997,33,0.7980599999999999,12
8563,0.8723899999999999,33,0.81064,12
8565,0.83942,33,0.7519499999999997,12
8566,0.8538,50,0.7657500000000002,19
8568,0.8537700000000001,34,0.76544,12
8572,0.83533,32,0.77481,16
8573,0.8148599999999998,32,0.7456300000000001,10
8575,0.8105674999999999,33,0.7245100000000002,9
8576,0.8667125000000004,49,0.7946799999999999,12
8577,0.885848,34,0.7887299999999994,9
8578,0.8742899999999999,31,0.7875999999999999,14
8579,0.8472200000000004,33,0.7563699999999999,14
8580,0.8527500000000003,33,0.8149699999999998,11
8581,0.8532700000000005,35,0.7988299999999998,10
8582,0.8686100000000002,33,0.7850600000000001,10
8583,0.8960547222222217,34,0.82377,11
8584,0.8342500000000003,33,0.7451399999999998,10
8585,0.8321800000000001,34,0.7467699999999999,12
8586,0.8893000000000003,33,0.8204399999999997,12
8587,0.8450100000000001,33,0.7587899999999997,15
8588,0.8602220000000002,34,0.7925200000000001,10
8590,0.8896499999999999,33,0.79543,11
8591,0.8743599999999999,33,0.83502,11
8592,0.8507799999999996,34,0.7828699999999997,15
8593,0.848938,32,0.7674500000000001,10
8594,0.8787099999999997,34,0.8161800000000002,14
8595,0.8318119999999999,33,0.7511600000000002,12
8596,0.88221,88,0.8409500000000003,39
8597,0.8633325,32,0.7674399999999996,12
8598,0.83632,37,0.7291200000000001,10
8600,0.8834599999999998,41,0.8120200000000001,15
8601,0.8806700000000001,57,0.8224999999999999,10
8602,0.8741574999999997,37,0.8023500000000002,10
8603,0.8410799999999996,43,0.74556,11
8604,0.8264483333333336,31,0.8056399999999999,10
8605,0.8701679999999997,35,0.7906700000000001,11
8606,0.8835500000000001,43,0.8110200000000001,15
8607,0.8685700000000004,32,0.78685,10
8609,0.8661799999999998,37,0.7611200000000005,10
8611,0.8742,33,0.7917599999999997,12
8613,0.869445,34,0.7648299999999996,12
8614,0.8834525000000003,48,0.7796199999999999,27
8615,0.85335,33,0.7613099999999996,13
8616,0.81826,33,0.69392,9
8618,0.8558880000000002,33,0.7705900000000001,12
8619,0.88413,34,0.7925599999999998,9
8621,0.8867700000000002,56,0.8217,9
8622,0.8857500000000001,31,0.8249700000000001,12
8623,0.86208,36,0.7928000000000003,11
8624,0.8892099999999998,34,0.8288499999999998,14
8625,0.8624,86,0.7589800000000001,18
8628,0.85134,33,0.8117500000000001,13
8629,0.87042,31,0.7875500000000001,10
8630,0.88,33,0.79866,11
8631,0.8721274999999998,85,0.79188,18
8632,0.8651899999999997,33,0.7611500000000001,12
8633,0.8953374999999997,34,0.8169399999999998,11
8635,0.8381075,33,0.7524,14
8636,0.8981905,33,0.8349799999999997,12
8637,0.8782600000000004,33,0.8005200000000003,11
8638,0.82289,32,0.7453400000000002,9
8640,0.8624699999999997,34,0.7611000000000001,16
8641,0.860210571428571,33,0.7639299999999996,11
8642,0.8581325000000005,34,0.7797300000000001,11
8643,0.8603999999999999,33,0.7805800000000005,14
8644,0.8815074999999994,33,0.76566,12
8646,0.8377900000000005,32,0.74808,10
8647,0.8785200000000001,34,0.7808699999999996,10
8648,0.8118399999999997,33,0.7399200000000001,12
8649,0.8650599999999997,35,0.7943699999999996,10
8650,0.8180500000000004,32,0.73246,16
8652,0.85528,65,0.7667299999999997,12
8653,0.8392100000000003,38,0.7689100000000001,10
8654,0.8657299999999998,32,0.7594700000000002,13
8655,0.8585500000000004,34,0.7718800000000001,10
8657,0.8739625000000001,57,0.7806399999999999,17
8658,0.8700399999999995,37,0.7758800000000001,13
8659,0.8195700000000001,33,0.6902499999999998,11
8660,0.9028480000000001,55,0.8138200000000001,10
8661,0.8106800000000003,33,0.6453899999999999,10
8663,0.8747900000000005,32,0.80688,12
8664,0.8422799999999999,33,0.7360899999999997,10
8665,0.89404,34,0.8424899999999999,15
8667,0.8375500000000001,32,0.76511,11
8668,0.8669800000000003,33,0.7956300000000002,10
8669,0.8566200000000004,32,0.7641299999999996,12
8670,0.8614200000000004,33,0.76864,12
8671,0.8602200000000008,33,0.7947299999999998,13
8672,0.8597575000000001,34,0.7786099999999998,10
8673,0.85524,34,0.7923300000000001,11
8674,0.83757,48,0.7754199999999998,17
8676,0.8316100000000003,33,0.7580999999999996,20
8677,0.8214699999999995,51,0.7153899999999999,9
8678,0.8872825000000004,33,0.81625,14
8679,0.8723199999999999,34,0.7857699999999999,13
8680,0.8802620000000002,34,0.78192,14
8683,0.8485900000000001,39,0.7723399999999999,16
8684,0.8698599999999997,33,0.79634,12
8685,0.8409399999999999,34,0.7324499999999995,13
8687,0.8168099999999998,34,0.7021,14
8689,0.8416999999999999,34,0.7663299999999998,10
8691,0.8935899999999998,32,0.8301100000000002,11
8692,0.8909200000000007,33,0.8130900000000004,23
8693,0.8454900000000002,33,0.7680500000000002,12
8694,0.81608,34,0.7440799999999997,18
8695,0.88724,48,0.7988900000000001,14
8696,0.8793574999999996,39,0.7812800000000002,10
8698,0.8841600000000001,33,0.77494,10
8700,0.8887250000000002,33,0.7911099999999996,16
8701,0.8590500000000002,48,0.77508,14
8702,0.8863779999999996,33,0.8030399999999999,11
8704,0.81939,36,0.73452,9
8705,0.8993599999999995,33,0.8068899999999998,11
8708,0.8531224999999998,32,0.7696800000000001,11
8709,0.86881,34,0.7883199999999998,10
8710,0.8796100000000002,64,0.8284900000000002,34
8711,0.88348,33,0.75424,9
8713,0.8911074999999999,64,0.8266100000000002,11
8714,0.8501200000000004,32,0.7988900000000001,9
8717,0.8466800000000002,33,0.7448899999999999,19
8718,0.8889749999999996,34,0.7895699999999999,9
8719,0.8411300000000002,34,0.7886099999999998,14
8720,0.8789874999999998,35,0.7686600000000001,12
8722,0.8618799999999999,33,0.77578,10
8723,0.8909079999999999,33,0.7944199999999998,14
8724,0.8555700000000002,32,0.7680700000000001,15
8725,0.8430675000000001,33,0.7426999999999999,13
8726,0.8844425,33,0.8075399999999999,15
8727,0.8780099999999998,50,0.7721400000000002,13
8729,0.8596399999999998,48,0.7799799999999997,14
8730,0.8605500000000004,45,0.7617299999999999,10
8731,0.8301175000000004,34,0.75162,10
8732,0.8909874999999998,34,0.7694599999999998,11
8733,0.8724699999999999,35,0.80609,10
8734,0.84531,41,0.8101700000000003,10
8735,0.8589700000000002,33,0.7483300000000002,13
8736,0.8532574999999999,34,0.8000500000000001,13
8738,0.8724500000000001,34,0.7676799999999999,11
8739,0.8514475000000001,33,0.74411,13
8740,0.8839472727272727,31,0.8466699999999999,10
8741,0.8534300000000001,33,0.79168,17
8742,0.8319899999999997,34,0.7569400000000001,15
8743,0.8640399999999998,33,0.7931699999999998,11
8744,0.8632099999999998,35,0.7663099999999998,12
8746,0.8820247222222223,33,0.7957299999999998,10
8748,0.8413424999999998,43,0.7638699999999996,10
8749,0.851492,33,0.7510899999999998,14
8750,0.8861300000000001,34,0.7553300000000002,11
8751,0.8494800000000001,34,0.7720999999999996,10
8752,0.8527300000000002,34,0.7791000000000001,10
8753,0.9027300000000001,34,0.8497399999999999,10
8754,0.8932199999999999,33,0.8061799999999999,12
8755,0.8757699999999997,88,0.7775500000000002,39
8756,0.8688522222222222,32,0.75833,10
8757,0.8852100000000003,33,0.8166200000000002,12
8758,0.8226500000000001,33,0.7273000000000002,14
8759,0.85107,32,0.75913,9
8760,0.8916600000000002,33,0.7942800000000001,12
8762,0.8383200000000001,31,0.76701,10
8763,0.8201519999999995,33,0.7206699999999998,15
8764,0.8403499999999999,34,0.7296999999999997,14
8765,0.80384,34,0.7202600000000002,15
8766,0.8584099999999997,32,0.7780199999999998,10
8768,0.8312999999999998,33,0.7229099999999998,13
8770,0.8951374999999997,32,0.8123300000000003,16
8771,0.8822399999999996,40,0.8214200000000004,11
8772,0.86826,33,0.7565700000000003,14
8774,0.8131299999999999,49,0.7278100000000002,14
8775,0.8089224999999999,32,0.7404000000000004,12
8776,0.8710925000000002,33,0.7726099999999999,11
8778,0.8941900000000002,34,0.8076499999999995,10
8779,0.8846300000000002,36,0.8108599999999998,12
8780,0.8616700000000002,32,0.7727699999999998,10
8781,0.84759,56,0.7252,13
8782,0.8497100000000001,32,0.74468,12
8783,0.8794724999999999,33,0.8273,11
8784,0.8076900000000004,34,0.7061699999999997,16
8785,0.8260500000000002,33,0.7131999999999998,13
8786,0.8523700000000001,35,0.7544200000000001,12
8788,0.8788119999999998,32,0.79058,16
8789,0.8689975,32,0.7934399999999995,12
8790,0.8817299999999997,34,0.8046800000000001,11
8791,0.8702199999999999,31,0.7870199999999996,14
8792,0.8070416666666665,33,0.7538399999999998,14
8794,0.8429599999999996,33,0.7785500000000002,11
8795,0.8210300000000004,41,0.6980500000000004,10
8796,0.8780849999999996,32,0.7950099999999997,11
8797,0.8820500000000002,57,0.77424,10
8799,0.8634700000000001,34,0.7580899999999997,9
8800,0.8441900000000002,34,0.7638299999999998,10
8802,0.8575075000000001,33,0.7694700000000002,10
8803,0.86878,32,0.7952699999999996,12
8804,0.8794375000000001,33,0.8099299999999998,19
8805,0.8693200000000004,32,0.8069800000000003,21
8806,0.8490100000000002,33,0.74942,20
8807,0.8415675000000005,33,0.7811700000000005,9
8808,0.82175,34,0.7447400000000001,15
8810,0.8357899999999997,38,0.7570100000000001,10
8811,0.86312,33,0.7679200000000002,16
8813,0.8358183333333336,33,0.74531,12
8814,0.8449599999999995,34,0.76548,11
8815,0.8852975,32,0.8191999999999997,10
8816,0.8672600000000003,34,0.8150900000000001,14
8817,0.8558175,33,0.7825499999999999,10
8818,0.8704600000000005,32,0.8126700000000001,12
8819,0.8579800000000004,34,0.7741600000000003,19
8820,0.8442399999999997,34,0.73898,10
8821,0.8836974999999998,33,0.7989600000000001,10
8822,0.8715599999999999,32,0.7993300000000001,13
8825,0.8586400000000002,34,0.7959400000000002,11
8826,0.8499200000000005,72,0.7677600000000001,28
8827,0.8805899999999999,33,0.7911400000000002,11
8828,0.8363099999999999,33,0.7991199999999999,14
8829,0.8657925,95,0.7653499999999999,12
8830,0.8759799999999999,34,0.7830700000000003,15
8833,0.8490320000000005,57,0.7895500000000001,13
8834,0.9065224999999999,34,0.8328100000000002,14
8835,0.88326,33,0.8203699999999999,11
8837,0.8376900000000002,47,0.7963399999999998,11
8838,0.8572900000000003,35,0.7620899999999997,15
8840,0.87340625,33,0.7858299999999997,13
8842,0.8758400000000002,33,0.79561,10
8843,0.8968075,56,0.8294199999999999,25
8845,0.8487600000000002,34,0.7601299999999996,14
8846,0.849372,34,0.7280599999999999,17
8849,0.8477199999999995,33,0.7033399999999997,10
8851,0.8639980000000003,32,0.7595100000000001,9
8852,0.8593000000000002,34,0.7576200000000002,11
8853,0.8568479999999999,34,0.7861199999999999,11
8855,0.8099800000000001,32,0.787,11
8856,0.8248399999999997,32,0.7822099999999997,10
8858,0.8551525,33,0.75999,10
8859,0.8175599999999997,32,0.6655399999999999,12
8860,0.8598025,33,0.8095199999999998,12
8861,0.88198,34,0.7940600000000004,12
8862,0.8315000000000002,33,0.76503,13
8863,0.8892224999999999,35,0.80683,12
8865,0.8220979999999999,32,0.75447,18
8866,0.8856725000000002,33,0.8084400000000005,10
8868,0.8807099999999999,34,0.7650499999999998,10
8869,0.8401000000000003,37,0.7950199999999998,10
8870,0.83357,32,0.7394699999999996,12
8871,0.8882600000000005,32,0.8276600000000001,12
8872,0.8798900000000001,34,0.7785000000000002,13
8873,0.8357199999999996,34,0.7439799999999996,10
8874,0.840088333333333,34,0.7563100000000003,12
8875,0.82033,36,0.70766,16
8876,0.8646399999999995,33,0.7650800000000002,15
8877,0.8913000000000001,34,0.79184,10
8878,0.8343100000000006,34,0.7226599999999997,13
8879,0.8577899999999999,45,0.7675799999999998,14
8881,0.8342999999999999,33,0.76901,11
8883,0.8801625000000002,33,0.7966399999999996,16
8885,0.8832700000000002,33,0.8127300000000001,9
8887,0.8791200000000002,34,0.8027900000000002,11
8888,0.8342499999999999,35,0.7947099999999996,9
8889,0.8305700000000001,33,0.7597399999999999,10
8890,0.8676220000000001,53,0.76485,16
8891,0.8485100000000007,33,0.7518600000000001,11
8892,0.8798622222222221,31,0.8261000000000003,12
8893,0.8440300000000004,33,0.7708799999999999,10
8894,0.8206225000000003,33,0.74593,12
8895,0.8561000000000003,34,0.7595200000000001,10
8896,0.8738200000000002,33,0.7986800000000001,13
8897,0.8468800000000002,33,0.7700699999999998,14
8900,0.8831700000000001,34,0.7724,17
8902,0.8793599999999999,33,0.7983500000000003,12
8903,0.8427175000000002,33,0.7651799999999995,16
8904,0.8719119999999998,48,0.8153199999999999,16
8905,0.8142299999999998,33,0.7459200000000002,16
8906,0.8331400000000002,31,0.7754599999999999,12
8907,0.8673000000000002,33,0.79346,11
8909,0.8781880000000002,34,0.7922999999999998,15
8910,0.8527825000000001,31,0.7809400000000002,16
8911,0.8721899999999999,55,0.7865499999999997,16
8912,0.8403100000000001,32,0.7574099999999998,9
8913,0.8431900000000006,67,0.7522699999999999,23
8914,0.8293699999999997,34,0.7268800000000003,11
8915,0.86532,34,0.79375,13
8916,0.88536,34,0.7760900000000004,13
8918,0.7895875,56,0.67826,16
8920,0.86028,32,0.7389699999999998,14
8923,0.8675674999999997,33,0.7789500000000001,12
8924,0.8891120000000001,33,0.80447,15
8926,0.8483224999999998,32,0.76985,13
8928,0.8191000000000003,33,0.7310599999999997,12
8929,0.8854480000000003,34,0.8170899999999994,10
8930,0.8716075000000001,33,0.8102500000000002,12
8931,0.8532325000000001,33,0.76458,9
8932,0.8217475000000002,34,0.75854,9
8933,0.83679,33,0.7585200000000001,11
8934,0.8242599999999998,33,0.7568200000000003,14
8935,0.8594174999999998,33,0.7446700000000002,11
8937,0.8192300000000001,34,0.7413999999999997,10
8938,0.8572325000000001,42,0.73563,10
8940,0.8740500000000004,30,0.7714699999999998,13
8942,0.8277999999999998,33,0.7542899999999999,11
8944,0.8670100000000002,33,0.7958500000000001,13
8945,0.8711499999999996,33,0.7886899999999996,15
8946,0.8735424999999998,34,0.7836799999999999,18
8948,0.8525899999999998,33,0.7545899999999999,16
8949,0.8855400000000003,35,0.7905099999999998,11
8950,0.8782200000000002,34,0.8236399999999996,10
8952,0.8303774999999998,35,0.7474100000000001,10
8953,0.8387499999999997,33,0.7346199999999999,12
8954,0.8497400000000002,35,0.78164,18
8955,0.8225099999999997,34,0.7331,12
8956,0.8324500000000004,33,0.7632099999999997,11
8957,0.8682020000000003,34,0.77772,13
8959,0.8019599999999995,31,0.7229099999999999,20
8960,0.8630724999999997,45,0.8010900000000002,14
8961,0.8733500000000004,34,0.7854999999999999,10
8962,0.8183800000000001,33,0.7530499999999997,11
8963,0.8537474999999999,34,0.7570299999999999,13
8964,0.8375599999999999,33,0.8157599999999999,10
8965,0.8643925000000005,33,0.80385,12
8967,0.8463724999999998,32,0.7519899999999997,12
8968,0.87314,32,0.7846299999999998,10
8969,0.8759675,33,0.79132,13
8970,0.8519800000000004,32,0.8010900000000001,14
8972,0.8663675000000001,31,0.8210899999999997,14
8973,0.8408900000000001,34,0.7601600000000002,10
8974,0.8856204999999998,35,0.8091100000000001,11
8976,0.8739800000000004,33,0.7860799999999999,20
8977,0.8386300000000007,35,0.7543799999999998,11
8978,0.8848599999999999,33,0.8002199999999999,12
8979,0.86615,38,0.7657899999999996,11
8980,0.8668399999999999,32,0.7790400000000004,15
8981,0.88017,33,0.8018700000000003,22
8983,0.8978199999999997,34,0.81216,12
8984,0.8738425000000001,33,0.8138199999999999,17
8985,0.8720099999999998,31,0.7869099999999999,10
8986,0.8295083333333335,37,0.7754599999999996,10
8987,0.8254,55,0.7577099999999999,16
8988,0.8990700000000001,33,0.8220200000000004,14
8989,0.8682199999999993,33,0.7615399999999998,10
8990,0.87445,47,0.7732300000000002,11
8992,0.8577600000000003,33,0.80368,11
8994,0.8561574999999998,34,0.7942399999999995,11
8995,0.8743300000000002,33,0.79188,10
8997,0.8915020000000002,32,0.79999,12
8998,0.860752,34,0.7561699999999998,13
8999,0.8322674999999998,34,0.7486499999999999,9
9000,0.86949,55,0.7906399999999998,11
9001,0.8569025,34,0.7577600000000001,22
9003,0.8696500000000005,33,0.7874799999999997,13
9004,0.7913924999999995,32,0.7050799999999999,10
9005,0.8649399999999998,34,0.7982199999999999,9
9006,0.8669899999999998,50,0.7839800000000002,17
9007,0.8213599999999999,33,0.7446300000000001,10
9008,0.84531,32,0.73797,11
9009,0.8737244999999995,34,0.8052499999999999,10
9010,0.87738,31,0.8137100000000003,10
9011,0.8637724999999999,37,0.7502500000000001,14
9012,0.8536000000000005,31,0.7924400000000001,23
9013,0.87827,33,0.7883200000000002,13
9014,0.89597,34,0.8007299999999999,14
9016,0.8782300000000001,33,0.7933100000000001,18
9017,0.8090400000000002,34,0.7328499999999998,23
9018,0.8769399999999998,33,0.7870100000000001,14
9020,0.87981,39,0.7962100000000002,14
9022,0.8822999999999999,32,0.8075000000000003,9
9025,0.88292,34,0.81203,10
9026,0.8782324999999999,33,0.7960299999999999,11
9027,0.9000714285714285,32,0.8228300000000001,15
9028,0.8647300000000001,65,0.72626,14
9031,0.8792308333333329,34,0.81908,10
9032,0.8747100000000003,34,0.8243400000000001,24
9033,0.8725399999999999,47,0.7749500000000001,10
9034,0.8508900000000003,88,0.7672699999999999,15
9035,0.8398399999999999,33,0.7840200000000003,28
9037,0.8256700000000001,38,0.7720399999999996,14
9038,0.8166500000000002,34,0.7281099999999998,12
9039,0.8668800000000003,34,0.7765,13
9041,0.8946083333333336,34,0.8269400000000001,10
9042,0.8143499999999999,37,0.7348600000000003,11
9044,0.8477600000000001,36,0.7929299999999999,12
9045,0.84185,32,0.7780999999999998,10
9047,0.8295599999999999,44,0.7229800000000001,10
9048,0.8876600000000003,33,0.7927999999999998,12
9050,0.894382222222222,59,0.84015,17
9052,0.8786975000000002,34,0.7894200000000001,15
9053,0.8591224999999999,33,0.8157800000000001,11
9055,0.8585699999999999,33,0.7865300000000001,9
9056,0.82331,30,0.7521999999999999,11
9057,0.8608099999999996,33,0.7613599999999998,15
9058,0.8680099999999996,33,0.7798499999999997,10
9059,0.8327299999999999,32,0.73139,10
9060,0.8502500000000001,34,0.7625300000000002,10
9061,0.8943550000000003,33,0.8145700000000001,9
9063,0.8428499999999999,74,0.7768499999999997,25
9064,0.8501799999999998,33,0.7686200000000002,12
9065,0.8961075,33,0.7954799999999999,11
9066,0.8057500000000001,34,0.6524099999999998,9
9067,0.8149400000000001,43,0.7215900000000002,10
9068,0.8699924999999995,70,0.7924799999999999,24
9069,0.83222,34,0.7600899999999998,13
9070,0.8509799999999998,34,0.7724499999999999,10
9071,0.8763500000000001,31,0.7813300000000001,19
9072,0.85944,32,0.7848700000000002,11
9073,0.8744274999999999,34,0.7646699999999998,17
9074,0.8962900000000001,55,0.8080799999999999,10
9075,0.8813303333333331,48,0.7995499999999995,23
9076,0.8518775,32,0.7566700000000001,10
9078,0.8574400000000003,34,0.7681999999999999,11
9079,0.8722699999999998,44,0.8029600000000003,11
9082,0.8756100000000001,32,0.7848500000000002,10
9083,0.8935885714285715,33,0.8012000000000001,10
9084,0.8625599999999999,34,0.7866699999999999,12
9086,0.8689000000000001,33,0.7941199999999999,14
9088,0.8900874999999996,34,0.7866100000000001,10
9089,0.8753800000000003,33,0.7769699999999997,12
9090,0.89345,34,0.8069899999999999,11
9091,0.8460025,45,0.7809100000000002,10
9092,0.8251725000000001,34,0.7393000000000001,13
9093,0.8926620000000001,33,0.8076699999999998,12
9094,0.8711999999999998,35,0.7903099999999997,10
9095,0.8769724999999999,34,0.7730899999999997,10
9096,0.8674849999999998,34,0.8036599999999997,14
9097,0.8862799999999997,33,0.8361900000000001,22
9098,0.8975775000000005,41,0.8024800000000002,11
9100,0.8936000000000002,32,0.81636,10
9101,0.8802824999999997,33,0.8043200000000001,11
9102,0.8609500000000003,32,0.77845,12
9103,0.8308900000000005,33,0.7267100000000002,10
9105,0.85411,36,0.7813400000000001,9
9106,0.8742699999999998,34,0.7759099999999998,16
9107,0.8857399999999997,56,0.7606300000000001,10
9108,0.8314720000000001,33,0.7357899999999999,9
9109,0.8422000000000002,32,0.7695299999999997,11
9110,0.8489700000000003,32,0.7716200000000001,13
9112,0.8875683333333333,34,0.82009,22
9113,0.8277799999999997,40,0.72461,10
9114,0.88534,33,0.8141600000000001,12
9115,0.8642600000000003,36,0.7767500000000002,13
9116,0.83977,32,0.7516500000000002,10
9117,0.8626499999999999,33,0.7891999999999997,11
9118,0.8552099999999999,33,0.7847399999999998,10
9119,0.87968,33,0.8512200000000005,12
9120,0.8492775000000004,46,0.74076,21
9121,0.8810900000000003,34,0.82467,13
9123,0.8727999999999999,34,0.7654099999999998,12
9125,0.8528000000000001,33,0.7710500000000002,15
9127,0.8146099999999998,33,0.6781499999999997,17
9128,0.8964199999999998,33,0.8060899999999996,11
9130,0.8491179999999998,33,0.7954200000000001,10
9131,0.90125,33,0.84183,11
9132,0.8387299999999999,33,0.7628600000000002,10
9133,0.8481000000000001,34,0.75276,10
9134,0.8634624999999997,34,0.7790599999999993,13
9135,0.8784244999999998,34,0.8065300000000007,13
9137,0.8656625,34,0.7780999999999998,10
9138,0.8628699999999999,33,0.7677799999999998,10
9139,0.8313999999999996,33,0.7638399999999999,11
9140,0.8580400000000004,56,0.7627599999999998,15
9141,0.8971800000000003,59,0.8313399999999997,10
9142,0.8491099999999999,92,0.75491,29
9143,0.8706800000000006,33,0.7872199999999999,10
9145,0.8761824999999999,45,0.7953599999999997,10
9147,0.8605399999999994,32,0.7838399999999998,13
9150,0.8253,34,0.76157,12
9151,0.8661500000000001,31,0.7486900000000002,14
9152,0.8981000000000003,33,0.8380800000000002,10
9153,0.8626375000000001,34,0.7593400000000002,17
9155,0.8553575000000002,47,0.76005,10
9157,0.8559,34,0.7751699999999996,12
9158,0.8598099999999999,34,0.8016699999999999,15
9159,0.8782875,33,0.7856899999999999,18
9160,0.87799,32,0.81809,9
9162,0.8370900000000002,34,0.7707500000000002,13
9163,0.8460899999999999,38,0.7816300000000002,12
9165,0.8473200000000004,34,0.7626199999999999,11
9166,0.8818600000000001,37,0.8107700000000001,12
9167,0.8193800000000004,80,0.7274599999999998,20
9168,0.8696825,34,0.7840000000000004,10
9169,0.8428399999999996,34,0.7488199999999998,11
9170,0.9009225000000001,33,0.8447100000000001,12
9171,0.8335200000000005,34,0.7543099999999999,10
9172,0.84107,31,0.7658300000000001,12
9174,0.8424500000000001,34,0.7724300000000001,10
9175,0.85497,33,0.7819100000000003,10
9176,0.8919500000000002,33,0.7968199999999999,13
9177,0.8751145,33,0.78739,10
9179,0.8478000000000001,34,0.75737,19
9180,0.8491200000000001,34,0.7675799999999998,18
9181,0.8803899999999998,34,0.8152500000000005,15
9183,0.8766699999999998,33,0.7882699999999998,13
9184,0.82651,31,0.7433499999999998,9
9185,0.84025,34,0.7394099999999999,11
9186,0.8287399999999998,44,0.6983500000000002,11
9187,0.84856,37,0.7561500000000001,26
9188,0.8557799999999998,34,0.7800999999999998,10
9190,0.8880500000000005,33,0.8193099999999996,10
9191,0.8496299999999999,31,0.72048,13
9192,0.8445874999999998,34,0.7357600000000002,11
9193,0.8768399999999998,36,0.8238,18
9194,0.8769075,41,0.8158899999999999,11
9197,0.8828324999999997,33,0.7758399999999998,12
9198,0.8520399999999994,34,0.8031599999999998,13
9202,0.8574024999999998,33,0.7499899999999999,13
9203,0.8774500000000002,33,0.7584699999999998,13
9204,0.8877000000000003,34,0.8348100000000003,15
9205,0.8301599999999999,35,0.7429200000000001,14
9206,0.8690499999999999,33,0.7897700000000001,13
9207,0.8521955000000002,33,0.7407400000000003,12
9208,0.8645425,34,0.7879899999999997,12
9209,0.83611,33,0.7742900000000003,12
9210,0.8909000000000001,37,0.8088400000000001,10
9211,0.8452799999999998,33,0.7977699999999998,12
9212,0.8599100000000004,44,0.8156300000000003,13
9213,0.8389399999999999,68,0.7647700000000002,22
9214,0.8809883333333335,33,0.7856600000000001,10
9215,0.8264300000000001,32,0.75668,13
9216,0.8590899999999999,32,0.7559600000000001,14
9217,0.8178600000000006,35,0.70703,21
9218,0.8465599999999999,33,0.7638100000000004,13
9219,0.8565100000000001,33,0.7774199999999999,21
9220,0.8478200000000001,33,0.76751,11
9221,0.8815199999999996,34,0.8130999999999999,12
9222,0.8610885714285712,43,0.7793799999999999,16
9223,0.81867,33,0.7443099999999997,12
9224,0.88628,34,0.7948400000000001,14
9225,0.8392999999999999,34,0.7617999999999999,13
9226,0.8852700000000001,34,0.8122699999999997,12
9227,0.87103,37,0.8101200000000007,9
9228,0.8360999999999998,33,0.7662300000000002,10
9229,0.8249,33,0.71454,15
9230,0.8708200000000003,33,0.7815399999999998,10
9231,0.8427625000000007,47,0.7503799999999998,10
9232,0.8333099999999998,33,0.7445999999999999,12
9234,0.8914875000000001,48,0.8133299999999996,14
9235,0.86861,32,0.7902999999999999,14
9236,0.8399599999999995,32,0.7392599999999999,20
9239,0.8157099999999997,50,0.7447199999999999,15
9240,0.8504000000000002,53,0.7699399999999998,16
9241,0.8667099999999999,34,0.79896,10
9242,0.8939975000000002,34,0.8427400000000002,10
9243,0.8559100000000004,34,0.7632299999999997,14
9245,0.8133779999999997,34,0.7401900000000003,12
9246,0.8755500000000002,34,0.77699,9
9247,0.8553624999999999,52,0.7934399999999998,11
9248,0.88064,34,0.7767799999999997,13
9249,0.8808119999999999,32,0.7782599999999998,12
9250,0.8531000000000002,31,0.7871500000000001,9
9251,0.8880500000000002,32,0.80107,17
9252,0.8775299999999998,34,0.8267500000000001,10
9253,0.8716674999999999,32,0.7771100000000001,13
9254,0.8930555,34,0.8359099999999998,12
9255,0.8841699999999997,33,0.7890500000000003,11
9256,0.8443099999999998,33,0.7416599999999999,10
9257,0.8636999999999998,41,0.7696400000000001,12
9258,0.7895799999999998,52,0.6493799999999996,13
9259,0.85012,33,0.7379400000000003,15
9260,0.8406500000000001,33,0.7389800000000001,10
9261,0.8900299999999999,33,0.7967499999999998,15
9262,0.8841300000000003,47,0.7966399999999999,16
9263,0.8734075,33,0.7846900000000003,13
9266,0.8897400000000001,35,0.8071799999999999,11
9268,0.8912,32,0.82526,17
9269,0.8716000000000002,33,0.7776700000000002,9
9270,0.86117,33,0.7711099999999999,18
9271,0.8786283333333332,34,0.7939800000000001,14
9273,0.8831600000000003,47,0.8303600000000002,13
9275,0.85854,34,0.7281800000000004,15
9276,0.8896404999999997,33,0.79753,10
9277,0.8645400000000002,33,0.7961999999999999,9
9278,0.8674700000000004,34,0.7968500000000002,11
9280,0.8893875000000002,34,0.8165999999999997,12
9282,0.8603600000000001,35,0.7326800000000001,14
9283,0.8828200000000004,37,0.78535,13
9284,0.8467399999999998,32,0.7751599999999997,13
9288,0.8679500000000001,34,0.7904299999999997,16
9289,0.9008879999999998,34,0.8094199999999999,10
9290,0.8587400000000001,32,0.7845599999999999,12
9291,0.8411499999999998,57,0.7730900000000002,24
9292,0.8511199999999995,34,0.78592,9
9293,0.8262899999999997,34,0.7472600000000001,12
9294,0.8631304999999999,34,0.7778800000000001,10
9295,0.8464599999999999,34,0.7638600000000002,10
9296,0.8578925,32,0.8138500000000002,18
9297,0.8834300000000003,32,0.8000399999999998,18
9298,0.8700000000000003,48,0.78538,11
9299,0.8357500000000002,35,0.77679,13
9300,0.8918200000000005,33,0.82852,12
9301,0.8416100000000002,34,0.7747199999999999,14
9302,0.8592600000000001,34,0.7858699999999997,17
9303,0.8720399999999998,58,0.7704100000000003,16
9304,0.8734950000000002,32,0.7963399999999998,16
9305,0.8427400000000002,34,0.7561000000000001,12
9307,0.8670500000000001,34,0.8139100000000002,14
9309,0.8807200000000002,33,0.82054,11
9310,0.8512700000000002,38,0.7789699999999997,12
9311,0.8568300000000001,33,0.7777199999999997,12
9312,0.882008,34,0.7962100000000001,12
9313,0.8826425,34,0.7924900000000001,10
9315,0.8827375000000005,32,0.8196500000000002,13
9316,0.8068599999999999,32,0.70652,15
9317,0.8446575000000002,54,0.7956399999999999,16
9318,0.8502100000000002,54,0.7826400000000001,13
9319,0.8613700000000003,34,0.8104299999999998,10
9321,0.8716620000000003,32,0.7506100000000001,10
9322,0.8762874999999997,33,0.78385,10
9323,0.8191000000000002,32,0.7703599999999998,12
9324,0.8243720000000004,42,0.7343199999999998,9
9327,0.8889,48,0.80522,12
9328,0.8705200000000002,33,0.77459,11
9329,0.87113,34,0.7916599999999998,11
9330,0.8350124999999998,33,0.7451400000000004,10
9331,0.8347499999999997,34,0.7636899999999999,11
9333,0.8861000000000006,34,0.8337400000000004,11
9334,0.8524699999999998,82,0.7377799999999999,15
9335,0.8425499999999999,33,0.7564699999999998,10
9337,0.82818,58,0.7418599999999996,11
9339,0.8419099999999999,33,0.7663099999999997,12
9341,0.8565200000000002,38,0.7561999999999998,11
9342,0.8613875,34,0.7850999999999999,21
9343,0.8495599999999999,34,0.77968,13
9344,0.8326224999999998,34,0.7509399999999996,10
9345,0.8689800000000004,34,0.7838399999999998,15
9347,0.8523199999999997,32,0.7506899999999999,13
9348,0.8870100000000002,34,0.8045899999999999,10
9349,0.8503999999999999,35,0.7507599999999998,11
9350,0.8826100000000002,33,0.8398499999999999,12
9353,0.85501,33,0.7724200000000002,12
9354,0.8526374999999998,33,0.7524,13
9356,0.8806400000000002,33,0.7809999999999999,15
9357,0.8826600000000002,34,0.7725600000000002,10
9358,0.8924180000000002,32,0.80389,10
9359,0.8808399999999997,40,0.7795900000000002,12
9360,0.8768924999999997,33,0.79589,11
9361,0.8510100000000004,55,0.8041099999999999,20
9362,0.8715200000000004,35,0.77847,10
9365,0.8813800000000002,60,0.8067999999999996,15
9366,0.81934,33,0.70686,10
9367,0.8663520000000006,45,0.8205000000000001,11
9368,0.8401674999999997,31,0.7743400000000001,15
9369,0.89563,45,0.8245799999999999,16
9370,0.8833799999999995,34,0.7850500000000001,14
9371,0.8842200000000001,44,0.8262900000000001,9
9372,0.8939680000000003,33,0.8102400000000002,10
9373,0.8303500000000001,35,0.7122100000000002,9
9374,0.8657799999999999,32,0.8069400000000002,14
9375,0.8465999999999998,32,0.7610300000000002,9
9376,0.8683979999999994,34,0.7700599999999995,14
9377,0.8932199999999999,34,0.8301300000000001,15
9379,0.88099,34,0.81711,11
9380,0.8308919999999997,43,0.7351599999999996,10
9381,0.8461900000000001,33,0.7686899999999999,11
9382,0.8842900000000004,47,0.7873800000000002,10
9385,0.8550399999999999,33,0.7852999999999999,13
9386,0.8366600000000004,33,0.7201599999999996,11
9387,0.8903399999999999,33,0.8222900000000002,10
9388,0.87613,33,0.7963100000000003,14
9389,0.8730799999999996,33,0.77178,20
9390,0.8657599999999998,34,0.7912200000000001,11
9391,0.8706599999999999,33,0.7985399999999998,10
9392,0.8638400000000003,33,0.7881600000000002,10
9393,0.8437300000000002,32,0.69847,10
9394,0.8816024999999995,32,0.7941299999999998,12
9395,0.8640399999999999,33,0.77543,10
9396,0.8481999999999992,34,0.7257799999999996,10
9397,0.83178,32,0.7160100000000004,19
9398,0.8761799999999996,55,0.7837499999999997,11
9399,0.8900900000000002,41,0.7939200000000001,15
9400,0.8507799999999999,47,0.76158,10
9402,0.8571700000000004,33,0.78876,15
9403,0.82101,33,0.74771,12
9404,0.8879799999999999,33,0.8154700000000003,10
9405,0.8642899999999999,32,0.7656999999999999,12
9406,0.8215285714285713,32,0.72892,10
9407,0.8861799999999995,46,0.8087999999999996,13
9408,0.8778199999999997,33,0.7742500000000001,10
9409,0.8581799999999998,32,0.76224,14
9412,0.8768500000000004,74,0.7980500000000003,20
9414,0.8575274999999998,33,0.76386,9
9415,0.84883,58,0.7789299999999996,24
9416,0.8832499999999999,33,0.8258700000000002,11
9417,0.8570125000000002,33,0.74878,12
9419,0.8895900000000002,33,0.8336300000000001,18
9420,0.8403800000000001,33,0.77386,17
9421,0.8504900000000001,33,0.7941100000000002,11
9422,0.8549899999999999,33,0.7454300000000003,10
9423,0.8507699999999997,41,0.791,15
9424,0.8749725,41,0.77889,10
9425,0.8192274999999997,42,0.77243,14
9426,0.8825669999999998,60,0.8373499999999997,19
9427,0.831625,32,0.7498000000000001,11
9428,0.8676399999999999,35,0.7800500000000004,14
9430,0.8696600000000002,34,0.8086999999999995,12
9431,0.8516100000000002,34,0.7940299999999997,10
9432,0.8535399999999995,34,0.7750800000000002,15
9433,0.87138,33,0.7755899999999998,15
9434,0.8328000000000004,33,0.7678000000000003,15
9435,0.8268400000000001,32,0.7660799999999994,12
9437,0.8466699999999999,34,0.7370199999999998,10
9438,0.8833500000000002,32,0.80619,9
9439,0.85272,33,0.7828299999999997,11
9440,0.8274000000000001,64,0.7145299999999998,17
9441,0.8533399999999999,34,0.7714699999999999,9
9443,0.8665299999999999,32,0.78305,12
9445,0.8749500000000003,33,0.8055500000000003,15
9446,0.8761524999999999,54,0.7858200000000002,13
9448,0.8640599999999998,43,0.7788,16
9449,0.8877825000000005,38,0.7764499999999996,11
9450,0.8422000000000003,33,0.75079,13
9451,0.8560600000000003,30,0.78381,10
9452,0.8672975,33,0.7807699999999999,11
9453,0.85906,34,0.76799,18
9454,0.8467699999999998,31,0.77405,12
9455,0.8527299999999997,39,0.7288700000000001,13
9456,0.8843599999999998,37,0.8283300000000005,11
9457,0.8846800000000005,37,0.8049000000000001,11
9460,0.8649074999999999,33,0.7927100000000001,9
9461,0.8815225000000004,33,0.81459,10
9462,0.8267800000000001,44,0.7552099999999998,15
9463,0.8778299999999998,34,0.82426,13
9464,0.8845975,33,0.7783000000000002,16
9465,0.8471499999999998,36,0.78131,15
9466,0.8714400000000003,33,0.8127500000000002,13
9468,0.8734700000000005,33,0.80191,10
9469,0.8802900000000003,34,0.8003199999999998,10
9470,0.8213375,32,0.75449,13
9472,0.8546025,34,0.7892900000000002,10
9473,0.8383800000000001,33,0.7184299999999998,11
9474,0.8697099999999999,36,0.7840200000000002,15
9475,0.87303,33,0.8036,11
9476,0.8533700000000002,34,0.78074,13
9477,0.8321900000000002,33,0.70148,12
9478,0.87832,33,0.8027500000000005,11
9479,0.81604,33,0.7618599999999998,29
9480,0.8621300000000004,34,0.7416700000000002,18
9481,0.8397524999999998,34,0.77764,9
9483,0.8724500000000001,32,0.7882500000000001,11
9484,0.8644374999999996,33,0.7793399999999998,10
9485,0.8312899999999996,34,0.7519000000000001,10
9486,0.8873025000000001,36,0.8319600000000004,16
9487,0.8475299999999997,33,0.7723199999999999,12
9488,0.8716524999999997,34,0.8136,11
9490,0.8208699999999999,32,0.7603999999999996,10
9492,0.8379800000000001,55,0.7204699999999998,20
9493,0.8559125000000004,34,0.7927,24
9495,0.8258499999999998,33,0.7591500000000002,14
9496,0.82147,34,0.7396699999999996,11
9497,0.8749225000000002,67,0.77772,14
9499,0.8537599999999996,40,0.7927,10
9500,0.8475800000000001,33,0.77864,15
9501,0.8389299999999998,33,0.7465500000000003,12
9502,0.8377800000000001,32,0.73316,10
9503,0.87968,32,0.7946800000000003,12
9504,0.8594700000000003,34,0.7428799999999999,12
9505,0.8360799999999997,32,0.7437100000000001,11
9506,0.8463000000000003,41,0.76186,10
9507,0.8707925000000004,34,0.8224400000000002,10
9508,0.8346299999999998,34,0.7562099999999999,9
9509,0.8732500000000003,33,0.80404,16
9510,0.84114,54,0.7875600000000003,15
9511,0.8480750000000001,33,0.7923699999999999,15
9512,0.8463700000000002,33,0.7660799999999999,11
9513,0.8805900000000002,33,0.8343000000000003,37
9515,0.8876900000000003,32,0.8075399999999999,10
9516,0.8408400000000004,33,0.7532799999999998,23
9517,0.8957500000000002,35,0.8061799999999999,12
9518,0.87511,41,0.78327,9
9519,0.8627874999999995,33,0.7792999999999999,10
9521,0.8817775000000003,34,0.8145400000000003,10
9522,0.8277800000000002,34,0.7256299999999999,11
9523,0.8691049999999998,33,0.80612,15
9524,0.8581535714285711,33,0.7833300000000001,17
9525,0.8274000000000001,33,0.7373499999999997,10
9526,0.8857579999999998,45,0.80704,13
9527,0.8868999999999998,34,0.8128000000000003,16
9528,0.8309299999999997,34,0.7635700000000001,10
9529,0.8764450000000004,39,0.8104199999999999,10
9530,0.8397299999999999,34,0.7398599999999999,10
9531,0.79455,32,0.7159300000000002,11
9532,0.8214500000000006,34,0.7455300000000001,10
9533,0.8799925000000005,33,0.7901900000000001,13
9534,0.8950400000000001,40,0.8186699999999999,12
9535,0.8343200000000001,33,0.7368299999999999,17
9536,0.86896,33,0.78988,10
9537,0.8468199999999999,33,0.7340499999999998,15
9538,0.8763200000000004,33,0.7966,13
9541,0.8484300000000004,33,0.7594499999999997,11
9542,0.8013300000000001,44,0.7452600000000001,12
9543,0.8621174999999998,34,0.7688400000000003,11
9544,0.84835,33,0.7848899999999998,16
9545,0.8746300000000001,75,0.7525200000000001,16
9546,0.8591975,33,0.7796500000000001,14
9547,0.8377300000000001,34,0.74166,10
9548,0.8771225000000001,34,0.7769199999999998,20
9549,0.83119,45,0.7649400000000002,20
9550,0.8438500000000001,41,0.74591,9
9551,0.8571100000000003,33,0.7746600000000001,15
9552,0.8622585714285715,42,0.75003,11
9553,0.8749600000000001,34,0.80637,11
9554,0.8630599999999999,65,0.7990399999999999,22
9555,0.8821325000000002,34,0.7961800000000002,10
9556,0.8238499999999999,49,0.71737,12
9557,0.8597199999999999,34,0.7831399999999996,9
9558,0.8418399999999998,33,0.7353799999999998,11
9559,0.8784800000000003,33,0.8237400000000004,13
9560,0.8333899999999995,32,0.74029,12
9561,0.8625805000000001,33,0.78994,12
9562,0.8921300000000002,32,0.8241099999999999,10
9564,0.8478800000000003,33,0.75088,15
9565,0.8850599999999997,39,0.8540500000000005,10
9566,0.8748600000000001,33,0.8252700000000004,16
9567,0.8801500000000001,32,0.8215100000000001,10
9568,0.8641500000000005,37,0.7901599999999999,10
9571,0.8490900000000002,49,0.7503200000000004,10
9572,0.8264425,36,0.73708,20
9573,0.8746299999999995,32,0.81576,15
9574,0.8829020000000003,34,0.82199,10
9575,0.8874400000000001,33,0.8204599999999997,12
9576,0.87508,32,0.7850900000000002,15
9577,0.8611100000000002,33,0.7743399999999998,9
9582,0.8460063333333332,33,0.7985100000000002,10
9583,0.8446000000000002,77,0.74594,32
9584,0.8325199999999997,32,0.73834,10
9585,0.8591799999999999,34,0.7740800000000001,12
9586,0.8500599999999998,33,0.7802999999999999,18
9587,0.8476425000000001,33,0.7748500000000003,10
9588,0.8717175,30,0.7959899999999999,10
9589,0.8602600000000006,36,0.81939,15
9590,0.8560699999999997,33,0.8049400000000003,14
9591,0.8853300000000001,33,0.7988799999999998,14
9592,0.8478050000000004,34,0.77523,32
9593,0.84065,34,0.75837,12
9595,0.8905200000000003,34,0.7874100000000003,11
9596,0.8747199999999999,34,0.80994,12
9598,0.8521575,34,0.7687,11
9599,0.86334,34,0.8028800000000004,10
9600,0.8457900000000005,33,0.7539800000000001,10
9601,0.9069125000000006,34,0.82738,10
9602,0.83906,32,0.72736,13
9604,0.8391100000000001,34,0.7431099999999998,10
9605,0.8524499999999999,84,0.7711399999999996,32
9606,0.8491599999999999,33,0.7791900000000003,15
9607,0.8448675000000001,32,0.8051,16
9608,0.8467325,34,0.7647999999999999,11
9609,0.8739900000000003,33,0.7710999999999999,16
9610,0.81908,33,0.75933,10
9611,0.8784400000000006,49,0.806,15
9612,0.83339,32,0.7254300000000004,16
9613,0.8304400000000001,33,0.7476700000000003,12
9614,0.8462,34,0.7628900000000002,9
9615,0.8742225,33,0.7741000000000001,12
9618,0.8764099999999999,33,0.8147899999999999,12
9619,0.8742224999999999,34,0.7781499999999998,12
9620,0.8685300000000001,35,0.7653599999999997,15
9621,0.83339,40,0.7701399999999999,10
9623,0.8411000000000004,52,0.7505599999999997,16
9624,0.8404399999999999,32,0.7548199999999998,11
9625,0.8953899999999997,32,0.8219699999999993,12
9627,0.8770700000000002,52,0.7970500000000001,25
9628,0.8454625,33,0.7570199999999998,12
9630,0.8640100000000001,33,0.78881,12
9631,0.8797099999999999,32,0.7852700000000002,11
9632,0.8429999999999999,34,0.76711,11
9633,0.8874922222222221,32,0.8246800000000002,12
9634,0.8534900000000001,33,0.7911700000000004,13
9635,0.8657699999999998,36,0.7623000000000001,15
9636,0.85619,32,0.7548900000000002,13
9637,0.8584299999999999,34,0.7777899999999999,15
9638,0.8648500000000001,32,0.7725899999999999,12
9639,0.8521900000000002,51,0.7519199999999998,12
9640,0.8402299999999998,32,0.7143499999999997,15
9641,0.8666099999999999,34,0.7499099999999997,10
9642,0.8707600000000001,33,0.7897700000000001,16
9643,0.8760600000000003,35,0.7987100000000001,10
9645,0.8762400000000001,34,0.7682200000000001,12
9646,0.8673800000000004,33,0.7948,19
9647,0.8243900000000002,99,0.7529699999999997,20
9648,0.8203399999999996,34,0.6963300000000002,14
9649,0.8485099999999997,55,0.7697599999999997,13
9650,0.8244099999999999,34,0.72737,12
9651,0.8853779999999999,33,0.7904300000000001,14
9652,0.8373075000000003,33,0.7293499999999998,15
9653,0.85728,33,0.7817800000000003,11
9654,0.8497425000000001,33,0.7496399999999999,12
9655,0.8847499999999999,34,0.7782500000000002,16
9656,0.8758700000000001,46,0.79706,10
9657,0.84028,33,0.7215299999999999,10
9658,0.8185800000000004,38,0.7565900000000001,10
9659,0.8877100000000001,41,0.82992,14
9660,0.8513999999999998,69,0.7808099999999998,28
9661,0.8355800000000001,33,0.7266099999999999,16
9662,0.8704299999999999,33,0.77972,10
9663,0.8215099999999999,34,0.7603099999999998,16
9665,0.8175800000000001,33,0.6939699999999999,11
9667,0.8647900000000002,33,0.7365699999999998,12
9668,0.8587700000000003,34,0.7665500000000002,9
9670,0.8866625,33,0.8323800000000002,10
9671,0.8587224999999999,41,0.7856299999999998,9
9672,0.80064,62,0.6508300000000001,16
9673,0.8126299999999997,33,0.7073100000000001,10
9674,0.8500400000000002,33,0.7655500000000002,17
9675,0.8725699999999997,33,0.77028,10
9676,0.8551700000000002,34,0.7727999999999998,10
9677,0.8554199999999998,33,0.77952,14
9679,0.88887,33,0.8025099999999995,12
9680,0.8451499999999998,59,0.7480100000000002,19
9681,0.8664599999999999,37,0.8021099999999999,13
9683,0.8278300000000002,33,0.7128699999999998,13
9684,0.8482375000000004,50,0.7440199999999999,10
9685,0.8416799999999997,33,0.76047,13
9686,0.8431899999999999,33,0.71213,27
9687,0.8441399999999996,31,0.7769800000000001,11
9688,0.8574900000000001,90,0.8043299999999999,10
9689,0.8273699999999998,45,0.7260000000000001,11
9690,0.8582800000000005,34,0.77692,13
9691,0.8806275000000003,32,0.8094800000000002,15
9692,0.8863225000000001,33,0.78573,11
9693,0.8649899999999999,33,0.7545199999999997,14
9694,0.8675700000000002,40,0.7833699999999998,9
9695,0.8986800000000001,34,0.8315200000000001,10
9698,0.9003100000000002,32,0.80779,14
9699,0.8735,39,0.81486,12
9701,0.82717,34,0.7090699999999996,18
9702,0.8751599999999997,33,0.7881699999999998,11
9703,0.8493700000000001,33,0.79507,14
9704,0.8680785714285713,32,0.7798899999999999,11
9705,0.8581999999999995,33,0.7822700000000001,10
9706,0.8624375,34,0.7918700000000001,14
9707,0.8933400000000006,31,0.81976,10
9708,0.8260974999999999,34,0.7298900000000001,11
9709,0.8295599999999999,33,0.7642000000000003,11
9710,0.8728474999999999,60,0.7751799999999999,13
9711,0.8178300000000002,32,0.73893,12
9712,0.8263399999999999,34,0.7717600000000001,13
9714,0.8380699999999999,38,0.7474799999999998,11
9715,0.8211399999999996,33,0.708,10
9716,0.89172,32,0.8183400000000001,13
9717,0.8564299999999997,34,0.8348,16
9718,0.8532675000000003,34,0.7752800000000001,12
9719,0.8732799999999996,33,0.7901900000000001,10
9720,0.8355500000000003,50,0.7452600000000003,14
9723,0.8547300000000007,46,0.7843400000000001,10
9725,0.8236499999999995,34,0.7126399999999998,18
9729,0.8080699999999998,33,0.72658,11
9730,0.8761100000000002,34,0.7943199999999999,11
9731,0.8642474999999997,33,0.7670400000000005,11
9732,0.9031455000000007,33,0.8254299999999998,12
9733,0.82243,34,0.7355899999999997,11
9736,0.8824199999999998,38,0.7548600000000002,10
9737,0.8761425000000002,32,0.79014,13
9738,0.8702699999999998,31,0.77688,16
9739,0.8341799999999998,34,0.7635599999999997,10
9740,0.8265600000000001,34,0.7264700000000001,10
9741,0.8202799999999999,34,0.7715900000000002,14
9742,0.8405100000000002,35,0.75873,9
9743,0.8638999999999997,33,0.8119799999999999,16
9744,0.8815400000000001,36,0.8131999999999999,9
9745,0.8140300000000003,33,0.73685,11
9746,0.8726000000000002,34,0.74375,10
9747,0.8767774999999998,48,0.7947900000000003,14
9748,0.8105300000000004,34,0.7459199999999998,10
9749,0.8298075000000003,34,0.7357299999999998,25
9751,0.8542099999999999,33,0.7804399999999998,15
9752,0.8945675000000003,33,0.81451,20
9753,0.8336399999999999,33,0.7693300000000004,12
9754,0.8600325000000002,42,0.78144,10
9755,0.8492800000000003,32,0.7677099999999997,13
9756,0.8828500000000002,46,0.80349,14
9757,0.8551899999999999,33,0.7299299999999999,14
9758,0.8489025000000001,33,0.77204,15
9760,0.8505899999999998,34,0.7828000000000003,10
9762,0.8841499999999998,34,0.8155199999999999,12
9764,0.8540399999999998,38,0.76381,10
9765,0.8604499999999998,33,0.7765299999999999,12
9766,0.8609800000000001,33,0.7656999999999998,11
9767,0.8688900000000005,35,0.7937300000000002,10
9768,0.8619325000000003,33,0.78236,10
9769,0.8456199999999994,34,0.7505899999999999,13
9771,0.8310600000000001,34,0.7562700000000002,12
9772,0.8531099999999998,33,0.7426,15
9773,0.8354800000000003,33,0.76044,14
9776,0.81816,51,0.72911,9
9778,0.8669799999999998,33,0.8125500000000001,10
9779,0.8644700000000003,32,0.81494,11
9780,0.8591799999999999,55,0.7787499999999998,15
9781,0.8657299999999997,34,0.7574699999999999,11
9782,0.8458925,33,0.7691199999999999,27
9783,0.8259000000000001,33,0.7339300000000002,12
9785,0.8210999999999999,33,0.7313500000000002,13
9786,0.8819899999999998,34,0.8173200000000002,11
9787,0.87614,33,0.7647400000000001,13
9788,0.8611600000000001,32,0.77716,16
9789,0.8099600000000003,33,0.65648,14
9790,0.8414299999999999,33,0.7292399999999999,10
9792,0.8901999999999997,34,0.8061699999999999,13
9793,0.8783725000000001,33,0.8215199999999999,25
9795,0.8665525000000003,34,0.7649899999999996,12
9796,0.8884900000000003,32,0.7775400000000002,12
9797,0.8701499999999995,35,0.7712299999999997,16
9799,0.8331600000000001,35,0.7025000000000001,15
9801,0.8754816666666663,34,0.7825099999999998,12
9802,0.83988,38,0.7462200000000003,9
9803,0.8222100000000002,58,0.7567099999999998,10
9805,0.858812,33,0.7777999999999998,11
9806,0.8642100000000003,37,0.7813700000000001,13
9807,0.8357899999999998,32,0.76071,10
9808,0.85508,33,0.8081900000000003,16
9809,0.8726999999999996,32,0.8212499999999996,10
9810,0.8547775000000003,33,0.7266500000000002,15
9812,0.8415200000000002,35,0.7346200000000002,10
9813,0.8744600000000005,35,0.8142300000000001,19
9815,0.8655100000000001,34,0.7654899999999998,11
9816,0.8604200000000002,33,0.7792500000000002,10
9819,0.8621399999999998,35,0.7761599999999999,13
9820,0.8639283333333333,33,0.75432,13
9821,0.8653100000000002,34,0.7949299999999998,19
9822,0.8836925000000002,33,0.8144900000000003,10
9823,0.8390399999999997,33,0.77949,13
9824,0.8595700000000001,34,0.7839299999999997,10
9825,0.8812000000000002,33,0.7901299999999999,10
9826,0.8878475000000001,34,0.81297,16
9827,0.8880712500000001,32,0.8147500000000004,11
9828,0.8873999999999999,33,0.7584300000000002,19
9829,0.8657519999999996,34,0.7708900000000001,9
9831,0.8947299999999996,46,0.8036600000000002,14
9832,0.8587100000000001,34,0.7690799999999999,13
9833,0.8333199999999996,33,0.7842700000000004,9
9834,0.8868,35,0.8193900000000002,13
9835,0.8495200000000002,33,0.7744000000000001,11
9838,0.8444200000000001,34,0.7464299999999998,11
9839,0.8384700000000003,31,0.75081,14
9840,0.8333224999999999,32,0.7497900000000002,12
9842,0.8264499999999998,33,0.6930299999999999,20
9843,0.8565100000000002,32,0.74807,11
9844,0.8600000000000001,33,0.7437199999999998,18
9845,0.8305800000000003,59,0.7749100000000001,14
9846,0.8220625000000004,33,0.7656000000000001,13
9847,0.8546400000000003,32,0.7699499999999998,13
9848,0.8459200000000002,34,0.7680199999999998,13
9849,0.8382199999999999,33,0.7693100000000002,10
9850,0.8079400000000001,33,0.74556,15
9851,0.8824275000000003,34,0.82628,10
9852,0.8570800000000002,55,0.7513299999999998,13
9853,0.8403299999999999,34,0.76641,10
9854,0.8824100000000001,33,0.7887900000000002,13
9855,0.8500874999999999,32,0.7880700000000002,20
9856,0.8686799999999997,32,0.76075,11
9857,0.8660624999999998,33,0.7942800000000002,12
9858,0.8535575,33,0.7990700000000001,11
9859,0.8439374999999998,33,0.7992300000000003,13
9860,0.8905974999999999,32,0.7944999999999999,25
9861,0.8862224999999998,39,0.7812300000000002,9
9862,0.8560200000000002,34,0.7539800000000004,10
9864,0.87262,33,0.8242600000000004,15
9870,0.8499800000000001,31,0.7745999999999996,10
9871,0.8242400000000003,33,0.7118299999999997,17
9872,0.8196000000000001,32,0.70801,10
9873,0.8076300000000002,33,0.7594599999999998,18
9874,0.8460000000000002,33,0.7744500000000001,10
9875,0.8371600000000002,36,0.7659299999999999,12
9876,0.8722624999999998,34,0.7787199999999999,15
9877,0.8782179999999995,32,0.8109200000000001,13
9878,0.8837799999999999,36,0.8014199999999999,9
9879,0.85003,37,0.78185,12
9881,0.8378999999999999,37,0.7514700000000005,13
9883,0.8482325000000001,33,0.7714,11
9884,0.87237,33,0.80472,12
9885,0.8719800000000002,34,0.7869900000000001,13
9888,0.83545,33,0.7478300000000001,15
9889,0.8764583333333336,35,0.8081299999999998,11
9890,0.8245600000000002,33,0.7321699999999999,10
9891,0.8575400000000003,33,0.7889199999999998,10
9892,0.8585324999999999,33,0.7610199999999998,10
9893,0.8767775000000007,44,0.8289099999999999,12
9894,0.86848,33,0.8057799999999997,15
9895,0.8918199999999998,34,0.8493400000000001,14
9896,0.8371999999999998,34,0.7741499999999999,10
9897,0.8783299999999999,37,0.8071799999999996,13
9898,0.8709999999999998,34,0.8055500000000001,26
9900,0.8457500000000002,71,0.75149,15
9901,0.87976,33,0.77999,10
9903,0.8958400000000003,34,0.8195100000000006,12
9904,0.8833024999999999,52,0.7817399999999997,10
9905,0.8616800000000003,33,0.7975299999999994,13
9906,0.8513524999999997,34,0.7667700000000004,10
9907,0.8547800000000002,34,0.7734500000000003,14
9908,0.8886799999999999,34,0.8218700000000002,17
9909,0.89413,33,0.8248799999999997,10
9913,0.8713200000000002,34,0.7506899999999999,13
9914,0.80046,33,0.6469799999999997,11
9915,0.8476800000000003,38,0.73503,10
9917,0.84362,33,0.73238,14
9918,0.8328700000000001,32,0.7169099999999997,13
9920,0.8447675000000002,43,0.7483600000000001,14
9923,0.8587100000000001,34,0.7621799999999997,12
9925,0.8872,32,0.8388400000000001,11
9926,0.8937519999999997,62,0.8118900000000001,15
9927,0.8760125000000001,31,0.8107500000000001,13
9928,0.83371,32,0.7446499999999999,16
9929,0.8307800000000003,34,0.7851700000000001,18
9930,0.8695980000000003,60,0.75122,15
9931,0.8597999999999996,42,0.7829600000000001,12
9932,0.8694497222222226,33,0.7748299999999996,17
9935,0.8772400000000001,34,0.8262599999999999,11
9936,0.8813580000000004,31,0.8207200000000006,11
9938,0.8316899999999999,33,0.7382599999999999,10
9939,0.87941,32,0.7951599999999999,11
9940,0.8584575000000002,57,0.7611600000000002,15
9942,0.8778274999999993,30,0.7970100000000001,10
9943,0.8625100000000002,32,0.74414,14
9944,0.8615999999999999,33,0.7948899999999999,11
9945,0.8268100000000002,34,0.73859,13
9946,0.8490399999999994,33,0.7421999999999997,16
9948,0.8688400000000003,32,0.7900000000000001,11
9949,0.84756,32,0.78305,10
9950,0.8934974999999997,33,0.8250099999999999,9
9951,0.8812400000000002,32,0.77788,12
9952,0.8613800000000001,33,0.7902500000000003,9
9954,0.8435025000000003,34,0.75209,11
9956,0.8680100000000006,32,0.8151800000000001,9
9957,0.8731574999999999,30,0.7792399999999999,15
9958,0.8753299999999998,33,0.79743,10
9959,0.8205400000000002,34,0.7542199999999998,9
9960,0.8809999999999997,31,0.80853,10
9961,0.8511174999999995,33,0.7591199999999999,12
9963,0.8463599999999997,31,0.7421400000000002,10
9964,0.8898700000000003,34,0.8121899999999996,17
9965,0.8762199999999997,32,0.83311,10
9966,0.87079,32,0.7500099999999996,13
9967,0.7993995000000003,33,0.6980299999999999,12
9968,0.8829599999999997,34,0.7907199999999999,22
9969,0.8533499999999998,32,0.7765000000000002,11
9970,0.8512750000000004,34,0.7409499999999997,9
9971,0.8692899999999999,33,0.7414899999999998,12
9972,0.8623524999999996,33,0.7706799999999996,10
9974,0.8405700000000003,33,0.7607499999999999,11
9975,0.8639199999999998,34,0.7986900000000001,22
9976,0.8633400000000002,33,0.7868599999999999,16
9977,0.8506100000000001,36,0.7279999999999996,15
9980,0.8213199999999999,33,0.7556199999999995,15
9981,0.8675300000000001,32,0.79188,14
9982,0.8367200000000002,32,0.7690699999999997,10
9983,0.8637520000000001,34,0.7532999999999999,11
9984,0.8253925000000001,34,0.73757,11
9985,0.8076099999999999,34,0.7565,28
9986,0.8511300000000006,33,0.7405499999999998,17
9987,0.8456700000000003,34,0.7553599999999999,12
9988,0.8741499999999998,32,0.7860599999999996,11
9989,0.8437199999999998,34,0.7526499999999998,14
9990,0.8580599999999999,34,0.77346,24
9991,0.8777600000000004,33,0.7972100000000002,10
9992,0.8869275000000002,33,0.8210500000000002,11
9993,0.8772200000000001,33,0.7814100000000004,10
9994,0.8169625000000004,50,0.7538000000000007,10
9995,0.86661,47,0.75001,9
9996,0.8897200000000001,39,0.78861,12
9997,0.8772099999999997,35,0.7448899999999997,9
9998,0.81482,33,0.6803300000000004,10
9999,0.8123099999999998,32,0.7472799999999998,12
10000,0.8583600000000001,33,0.7217399999999998,13
10001,0.8917025000000004,33,0.84628,11
10002,0.8900300000000005,59,0.77791,24
10003,0.8734099999999995,34,0.7890300000000005,11
10004,0.8517774999999999,34,0.77996,17
10005,0.8868280000000003,34,0.8136200000000002,9
10006,0.8864979999999999,34,0.8463900000000002,12
10007,0.8417899999999999,34,0.7688100000000001,12
10008,0.8906499999999998,33,0.83122,10
